ID,PoO,PoO_LAT,PoO_LNG,to,to_LAT,to_LNG,PNT
9,okau,-17.3923,13.606783,epupa,-17.0021667,13.2441667,306
9,okau,-17.3923,13.606783,opuwo,-18.0539167,13.8326389,152
9,okau,-17.3923,13.606783,orotumba,-17.3417778,13.7805833,70.5
9,okau,-17.3923,13.606783,otjinungua,-17.264,12.4427222,
9,okau,-17.3923,13.606783,okanguati,-17.43125,13.2724,265
9,okau,-17.3923,13.606783,otjimuhaka,-17.3293611,13.8339722,55
9,okau,-17.3923,13.606783,ongokua,-16.656,13.423,344
9,okau,-17.3923,13.606783,ehomba,-17.4963889,13.8186389,110.5
9,okau,-17.3923,13.606783,ruacana,-17.434674,14.386568,
9,okau,-17.3923,13.606783,omangete,-17.500971,13.38364,183.5
10,okau,-17.3923,13.606783,epupa,-17.0021667,13.2441667,305
10,okau,-17.3923,13.606783,opuwo,-18.0539167,13.8326389,168
10,okau,-17.3923,13.606783,orotumba,-17.3417778,13.7805833,135.5
10,okau,-17.3923,13.606783,otjinungua,-17.264,12.4427222,271
10,okau,-17.3923,13.606783,okanguati,-17.43125,13.2724,273.5
10,okau,-17.3923,13.606783,otjimuhaka,-17.3293611,13.8339722,140
10,okau,-17.3923,13.606783,ongokua,-16.656,13.423,11
10,okau,-17.3923,13.606783,ehomba,-17.4963889,13.8186389,100
10,okau,-17.3923,13.606783,ruacana,-17.434674,14.386568,102
10,okau,-17.3923,13.606783,omangete,-17.500971,13.38364,243
11,okau,-17.3923,13.606783,epupa,-17.0021667,13.2441667,317
11,okau,-17.3923,13.606783,opuwo,-18.0539167,13.8326389,191.5
11,okau,-17.3923,13.606783,orotumba,-17.3417778,13.7805833,113
11,okau,-17.3923,13.606783,otjinungua,-17.264,12.4427222,272
11,okau,-17.3923,13.606783,okanguati,-17.43125,13.2724,241.5
11,okau,-17.3923,13.606783,otjimuhaka,-17.3293611,13.8339722,71
11,okau,-17.3923,13.606783,ongokua,-16.656,13.423,3.5
11,okau,-17.3923,13.606783,ehomba,-17.4963889,13.8186389,94.5
11,okau,-17.3923,13.606783,ruacana,-17.434674,14.386568,
11,okau,-17.3923,13.606783,omangete,-17.500971,13.38364,245
12,okau,-17.3923,13.606783,epupa,-17.0021667,13.2441667,305
12,okau,-17.3923,13.606783,opuwo,-18.0539167,13.8326389,215
12,okau,-17.3923,13.606783,orotumba,-17.3417778,13.7805833,125
12,okau,-17.3923,13.606783,otjinungua,-17.264,12.4427222,276
12,okau,-17.3923,13.606783,okanguati,-17.43125,13.2724,256
12,okau,-17.3923,13.606783,otjimuhaka,-17.3293611,13.8339722,107
12,okau,-17.3923,13.606783,ongokua,-16.656,13.423,9
12,okau,-17.3923,13.606783,ehomba,-17.4963889,13.8186389,125
12,okau,-17.3923,13.606783,ruacana,-17.434674,14.386568,102
12,okau,-17.3923,13.606783,omangete,-17.500971,13.38364,226.5
13,okau,-17.3923,13.606783,epupa,-17.0021667,13.2441667,291
13,okau,-17.3923,13.606783,opuwo,-18.0539167,13.8326389,151
13,okau,-17.3923,13.606783,orotumba,-17.3417778,13.7805833,75
13,okau,-17.3923,13.606783,otjinungua,-17.264,12.4427222,
13,okau,-17.3923,13.606783,okanguati,-17.43125,13.2724,236
13,okau,-17.3923,13.606783,otjimuhaka,-17.3293611,13.8339722,86
13,okau,-17.3923,13.606783,ongokua,-16.656,13.423,
13,okau,-17.3923,13.606783,ehomba,-17.4963889,13.8186389,124
13,okau,-17.3923,13.606783,ruacana,-17.434674,14.386568,
13,okau,-17.3923,13.606783,omangete,-17.500971,13.38364,
14,okau,-17.3923,13.606783,epupa,-17.0021667,13.2441667,
14,okau,-17.3923,13.606783,opuwo,-18.0539167,13.8326389,162
14,okau,-17.3923,13.606783,orotumba,-17.3417778,13.7805833,85
14,okau,-17.3923,13.606783,otjinungua,-17.264,12.4427222,
14,okau,-17.3923,13.606783,okanguati,-17.43125,13.2724,237
14,okau,-17.3923,13.606783,otjimuhaka,-17.3293611,13.8339722,70
14,okau,-17.3923,13.606783,ongokua,-16.656,13.423,
14,okau,-17.3923,13.606783,ehomba,-17.4963889,13.8186389,
14,okau,-17.3923,13.606783,ruacana,-17.434674,14.386568,
14,okau,-17.3923,13.606783,omangete,-17.500971,13.38364,
15,okau,-17.3923,13.606783,epupa,-17.0021667,13.2441667,274
15,okau,-17.3923,13.606783,opuwo,-18.0539167,13.8326389,163
15,okau,-17.3923,13.606783,orotumba,-17.3417778,13.7805833,70
15,okau,-17.3923,13.606783,otjinungua,-17.264,12.4427222,
15,okau,-17.3923,13.606783,okanguati,-17.43125,13.2724,249
15,okau,-17.3923,13.606783,otjimuhaka,-17.3293611,13.8339722,76
15,okau,-17.3923,13.606783,ongokua,-16.656,13.423,
15,okau,-17.3923,13.606783,ehomba,-17.4963889,13.8186389,111
15,okau,-17.3923,13.606783,ruacana,-17.434674,14.386568,
15,okau,-17.3923,13.606783,omangete,-17.500971,13.38364,232
16,okau,-17.3923,13.606783,epupa,-17.0021667,13.2441667,295
16,okau,-17.3923,13.606783,opuwo,-18.0539167,13.8326389,169
16,okau,-17.3923,13.606783,orotumba,-17.3417778,13.7805833,91
16,okau,-17.3923,13.606783,otjinungua,-17.264,12.4427222,281.5
16,okau,-17.3923,13.606783,okanguati,-17.43125,13.2724,253
16,okau,-17.3923,13.606783,otjimuhaka,-17.3293611,13.8339722,85
16,okau,-17.3923,13.606783,ongokua,-16.656,13.423,351
16,okau,-17.3923,13.606783,ehomba,-17.4963889,13.8186389,
16,okau,-17.3923,13.606783,ruacana,-17.434674,14.386568,
16,okau,-17.3923,13.606783,omangete,-17.500971,13.38364,236
17,okau,-17.3923,13.606783,epupa,-17.0021667,13.2441667,290
17,okau,-17.3923,13.606783,opuwo,-18.0539167,13.8326389,171
17,okau,-17.3923,13.606783,orotumba,-17.3417778,13.7805833,68
17,okau,-17.3923,13.606783,otjinungua,-17.264,12.4427222,264
17,okau,-17.3923,13.606783,okanguati,-17.43125,13.2724,254
17,okau,-17.3923,13.606783,otjimuhaka,-17.3293611,13.8339722,78
17,okau,-17.3923,13.606783,ongokua,-16.656,13.423,
17,okau,-17.3923,13.606783,ehomba,-17.4963889,13.8186389,121.5
17,okau,-17.3923,13.606783,ruacana,-17.434674,14.386568,
17,okau,-17.3923,13.606783,omangete,-17.500971,13.38364,231
18,okau,-17.3923,13.606783,epupa,-17.0021667,13.2441667,322
18,okau,-17.3923,13.606783,opuwo,-18.0539167,13.8326389,169
18,okau,-17.3923,13.606783,orotumba,-17.3417778,13.7805833,79.5
18,okau,-17.3923,13.606783,otjinungua,-17.264,12.4427222,
18,okau,-17.3923,13.606783,okanguati,-17.43125,13.2724,255.5
18,okau,-17.3923,13.606783,otjimuhaka,-17.3293611,13.8339722,79
18,okau,-17.3923,13.606783,ongokua,-16.656,13.423,3
18,okau,-17.3923,13.606783,ehomba,-17.4963889,13.8186389,101
18,okau,-17.3923,13.606783,ruacana,-17.434674,14.386568,
18,okau,-17.3923,13.606783,omangete,-17.500971,13.38364,170
19,okau,-17.3923,13.606783,epupa,-17.0021667,13.2441667,
19,okau,-17.3923,13.606783,opuwo,-18.0539167,13.8326389,165
19,okau,-17.3923,13.606783,orotumba,-17.3417778,13.7805833,81
19,okau,-17.3923,13.606783,otjinungua,-17.264,12.4427222,
19,okau,-17.3923,13.606783,okanguati,-17.43125,13.2724,265
19,okau,-17.3923,13.606783,otjimuhaka,-17.3293611,13.8339722,83.5
19,okau,-17.3923,13.606783,ongokua,-16.656,13.423,338
19,okau,-17.3923,13.606783,ehomba,-17.4963889,13.8186389,
19,okau,-17.3923,13.606783,ruacana,-17.434674,14.386568,
19,okau,-17.3923,13.606783,omangete,-17.500971,13.38364,
20,otjikondovirondo,-17.402431,13.567664,epupa,-17.0021667,13.2441667,332
20,otjikondovirondo,-17.402431,13.567664,opuwo,-18.0539167,13.8326389,180
20,otjikondovirondo,-17.402431,13.567664,orotumba,-17.3417778,13.7805833,93
20,otjikondovirondo,-17.402431,13.567664,otjinungua,-17.264,12.4427222,
20,otjikondovirondo,-17.402431,13.567664,okanguati,-17.43125,13.2724,275
20,otjikondovirondo,-17.402431,13.567664,otjimuhaka,-17.3293611,13.8339722,73
20,otjikondovirondo,-17.402431,13.567664,ongokua,-16.656,13.423,1
20,otjikondovirondo,-17.402431,13.567664,ehomba,-17.4963889,13.8186389,98
20,otjikondovirondo,-17.402431,13.567664,ruacana,-17.434674,14.386568,112
20,otjikondovirondo,-17.402431,13.567664,omangete,-17.500971,13.38364,207
21,otjikondovirondo,-17.402431,13.567664,epupa,-17.0021667,13.2441667,341
21,otjikondovirondo,-17.402431,13.567664,opuwo,-18.0539167,13.8326389,154
21,otjikondovirondo,-17.402431,13.567664,orotumba,-17.3417778,13.7805833,87
21,otjikondovirondo,-17.402431,13.567664,otjinungua,-17.264,12.4427222,
21,otjikondovirondo,-17.402431,13.567664,okanguati,-17.43125,13.2724,266
21,otjikondovirondo,-17.402431,13.567664,otjimuhaka,-17.3293611,13.8339722,80
21,otjikondovirondo,-17.402431,13.567664,ongokua,-16.656,13.423,351
21,otjikondovirondo,-17.402431,13.567664,ehomba,-17.4963889,13.8186389,120
21,otjikondovirondo,-17.402431,13.567664,ruacana,-17.434674,14.386568,92
21,otjikondovirondo,-17.402431,13.567664,omangete,-17.500971,13.38364,229
22,otjikondovirondo,-17.402431,13.567664,epupa,-17.0021667,13.2441667,315
22,otjikondovirondo,-17.402431,13.567664,opuwo,-18.0539167,13.8326389,170
22,otjikondovirondo,-17.402431,13.567664,orotumba,-17.3417778,13.7805833,70.5
22,otjikondovirondo,-17.402431,13.567664,otjinungua,-17.264,12.4427222,
22,otjikondovirondo,-17.402431,13.567664,okanguati,-17.43125,13.2724,268
22,otjikondovirondo,-17.402431,13.567664,otjimuhaka,-17.3293611,13.8339722,73
22,otjikondovirondo,-17.402431,13.567664,ongokua,-16.656,13.423,353
22,otjikondovirondo,-17.402431,13.567664,ehomba,-17.4963889,13.8186389,100.5
22,otjikondovirondo,-17.402431,13.567664,ruacana,-17.434674,14.386568,
22,otjikondovirondo,-17.402431,13.567664,omangete,-17.500971,13.38364,244
23,otjikondovirondo,-17.402431,13.567664,epupa,-17.0021667,13.2441667,326.5
23,otjikondovirondo,-17.402431,13.567664,opuwo,-18.0539167,13.8326389,168.5
23,otjikondovirondo,-17.402431,13.567664,orotumba,-17.3417778,13.7805833,82
23,otjikondovirondo,-17.402431,13.567664,otjinungua,-17.264,12.4427222,
23,otjikondovirondo,-17.402431,13.567664,okanguati,-17.43125,13.2724,259.5
23,otjikondovirondo,-17.402431,13.567664,otjimuhaka,-17.3293611,13.8339722,80
23,otjikondovirondo,-17.402431,13.567664,ongokua,-16.656,13.423,338
23,otjikondovirondo,-17.402431,13.567664,ehomba,-17.4963889,13.8186389,116
23,otjikondovirondo,-17.402431,13.567664,ruacana,-17.434674,14.386568,
23,otjikondovirondo,-17.402431,13.567664,omangete,-17.500971,13.38364,242
24,otjikondovirondo,-17.402431,13.567664,epupa,-17.0021667,13.2441667,286.5
24,otjikondovirondo,-17.402431,13.567664,opuwo,-18.0539167,13.8326389,125
24,otjikondovirondo,-17.402431,13.567664,orotumba,-17.3417778,13.7805833,94
24,otjikondovirondo,-17.402431,13.567664,otjinungua,-17.264,12.4427222,
24,otjikondovirondo,-17.402431,13.567664,okanguati,-17.43125,13.2724,262
24,otjikondovirondo,-17.402431,13.567664,otjimuhaka,-17.3293611,13.8339722,83
24,otjikondovirondo,-17.402431,13.567664,ongokua,-16.656,13.423,26
24,otjikondovirondo,-17.402431,13.567664,ehomba,-17.4963889,13.8186389,102
24,otjikondovirondo,-17.402431,13.567664,ruacana,-17.434674,14.386568,
24,otjikondovirondo,-17.402431,13.567664,omangete,-17.500971,13.38364,245
25,otjikondovirondo,-17.402431,13.567664,epupa,-17.0021667,13.2441667,291
25,otjikondovirondo,-17.402431,13.567664,opuwo,-18.0539167,13.8326389,170
25,otjikondovirondo,-17.402431,13.567664,orotumba,-17.3417778,13.7805833,83
25,otjikondovirondo,-17.402431,13.567664,otjinungua,-17.264,12.4427222,
25,otjikondovirondo,-17.402431,13.567664,okanguati,-17.43125,13.2724,265
25,otjikondovirondo,-17.402431,13.567664,otjimuhaka,-17.3293611,13.8339722,72
25,otjikondovirondo,-17.402431,13.567664,ongokua,-16.656,13.423,5
25,otjikondovirondo,-17.402431,13.567664,ehomba,-17.4963889,13.8186389,112
25,otjikondovirondo,-17.402431,13.567664,ruacana,-17.434674,14.386568,
25,otjikondovirondo,-17.402431,13.567664,omangete,-17.500971,13.38364,248
26,otjikondovirondo,-17.402431,13.567664,epupa,-17.0021667,13.2441667,
26,otjikondovirondo,-17.402431,13.567664,opuwo,-18.0539167,13.8326389,168
26,otjikondovirondo,-17.402431,13.567664,orotumba,-17.3417778,13.7805833,
26,otjikondovirondo,-17.402431,13.567664,otjinungua,-17.264,12.4427222,
26,otjikondovirondo,-17.402431,13.567664,okanguati,-17.43125,13.2724,255
26,otjikondovirondo,-17.402431,13.567664,otjimuhaka,-17.3293611,13.8339722,
26,otjikondovirondo,-17.402431,13.567664,ongokua,-16.656,13.423,
26,otjikondovirondo,-17.402431,13.567664,ehomba,-17.4963889,13.8186389,
26,otjikondovirondo,-17.402431,13.567664,ruacana,-17.434674,14.386568,
26,otjikondovirondo,-17.402431,13.567664,omangete,-17.500971,13.38364,
27,okau,-17.3923,13.606783,epupa,-17.0021667,13.2441667,314
27,okau,-17.3923,13.606783,opuwo,-18.0539167,13.8326389,190.5
27,okau,-17.3923,13.606783,orotumba,-17.3417778,13.7805833,92
27,okau,-17.3923,13.606783,otjinungua,-17.264,12.4427222,274
27,okau,-17.3923,13.606783,okanguati,-17.43125,13.2724,263
27,okau,-17.3923,13.606783,otjimuhaka,-17.3293611,13.8339722,98
27,okau,-17.3923,13.606783,ongokua,-16.656,13.423,3
27,okau,-17.3923,13.606783,ehomba,-17.4963889,13.8186389,111.5
27,okau,-17.3923,13.606783,ruacana,-17.434674,14.386568,
27,okau,-17.3923,13.606783,omangete,-17.500971,13.38364,232
28,okau,-17.3923,13.606783,epupa,-17.0021667,13.2441667,288
28,okau,-17.3923,13.606783,opuwo,-18.0539167,13.8326389,191
28,okau,-17.3923,13.606783,orotumba,-17.3417778,13.7805833,72.5
28,okau,-17.3923,13.606783,otjinungua,-17.264,12.4427222,
28,okau,-17.3923,13.606783,okanguati,-17.43125,13.2724,260
28,okau,-17.3923,13.606783,otjimuhaka,-17.3293611,13.8339722,85.5
28,okau,-17.3923,13.606783,ongokua,-16.656,13.423,350
28,okau,-17.3923,13.606783,ehomba,-17.4963889,13.8186389,115
28,okau,-17.3923,13.606783,ruacana,-17.434674,14.386568,
28,okau,-17.3923,13.606783,omangete,-17.500971,13.38364,234
29,okau,-17.3923,13.606783,epupa,-17.0021667,13.2441667,295
29,okau,-17.3923,13.606783,opuwo,-18.0539167,13.8326389,226
29,okau,-17.3923,13.606783,orotumba,-17.3417778,13.7805833,56
29,okau,-17.3923,13.606783,otjinungua,-17.264,12.4427222,
29,okau,-17.3923,13.606783,okanguati,-17.43125,13.2724,259
29,okau,-17.3923,13.606783,otjimuhaka,-17.3293611,13.8339722,70
29,okau,-17.3923,13.606783,ongokua,-16.656,13.423,
29,okau,-17.3923,13.606783,ehomba,-17.4963889,13.8186389,100
29,okau,-17.3923,13.606783,ruacana,-17.434674,14.386568,
29,okau,-17.3923,13.606783,omangete,-17.500971,13.38364,228
30,okau,-17.3923,13.606783,epupa,-17.0021667,13.2441667,356
30,okau,-17.3923,13.606783,opuwo,-18.0539167,13.8326389,152
30,okau,-17.3923,13.606783,orotumba,-17.3417778,13.7805833,91
30,okau,-17.3923,13.606783,otjinungua,-17.264,12.4427222,
30,okau,-17.3923,13.606783,okanguati,-17.43125,13.2724,234
30,okau,-17.3923,13.606783,otjimuhaka,-17.3293611,13.8339722,86
30,okau,-17.3923,13.606783,ongokua,-16.656,13.423,27
30,okau,-17.3923,13.606783,ehomba,-17.4963889,13.8186389,113
30,okau,-17.3923,13.606783,ruacana,-17.434674,14.386568,
30,okau,-17.3923,13.606783,omangete,-17.500971,13.38364,208
31,orue,-17.439283,13.668533,epupa,-17.0021667,13.2441667,
31,orue,-17.439283,13.668533,opuwo,-18.0539167,13.8326389,189
31,orue,-17.439283,13.668533,orotumba,-17.3417778,13.7805833,53
31,orue,-17.439283,13.668533,otjinungua,-17.264,12.4427222,
31,orue,-17.439283,13.668533,okanguati,-17.43125,13.2724,323
31,orue,-17.439283,13.668533,otjimuhaka,-17.3293611,13.8339722,48
31,orue,-17.439283,13.668533,ongokua,-16.656,13.423,347
31,orue,-17.439283,13.668533,ehomba,-17.4963889,13.8186389,94
31,orue,-17.439283,13.668533,ruacana,-17.434674,14.386568,
31,orue,-17.439283,13.668533,omangete,-17.500971,13.38364,
32,orue,-17.439283,13.668533,epupa,-17.0021667,13.2441667,6
32,orue,-17.439283,13.668533,opuwo,-18.0539167,13.8326389,179
32,orue,-17.439283,13.668533,orotumba,-17.3417778,13.7805833,76
32,orue,-17.439283,13.668533,otjinungua,-17.264,12.4427222,
32,orue,-17.439283,13.668533,okanguati,-17.43125,13.2724,239
32,orue,-17.439283,13.668533,otjimuhaka,-17.3293611,13.8339722,82
32,orue,-17.439283,13.668533,ongokua,-16.656,13.423,3
32,orue,-17.439283,13.668533,ehomba,-17.4963889,13.8186389,124
32,orue,-17.439283,13.668533,ruacana,-17.434674,14.386568,98
32,orue,-17.439283,13.668533,omangete,-17.500971,13.38364,189.5
33,orue,-17.439283,13.668533,epupa,-17.0021667,13.2441667,331
33,orue,-17.439283,13.668533,opuwo,-18.0539167,13.8326389,205
33,orue,-17.439283,13.668533,orotumba,-17.3417778,13.7805833,48
33,orue,-17.439283,13.668533,otjinungua,-17.264,12.4427222,
33,orue,-17.439283,13.668533,okanguati,-17.43125,13.2724,206
33,orue,-17.439283,13.668533,otjimuhaka,-17.3293611,13.8339722,42
33,orue,-17.439283,13.668533,ongokua,-16.656,13.423,
33,orue,-17.439283,13.668533,ehomba,-17.4963889,13.8186389,67
33,orue,-17.439283,13.668533,ruacana,-17.434674,14.386568,75
33,orue,-17.439283,13.668533,omangete,-17.500971,13.38364,265
34,orue,-17.439283,13.668533,epupa,-17.0021667,13.2441667,281
34,orue,-17.439283,13.668533,opuwo,-18.0539167,13.8326389,160
34,orue,-17.439283,13.668533,orotumba,-17.3417778,13.7805833,88
34,orue,-17.439283,13.668533,otjinungua,-17.264,12.4427222,
34,orue,-17.439283,13.668533,okanguati,-17.43125,13.2724,256
34,orue,-17.439283,13.668533,otjimuhaka,-17.3293611,13.8339722,119
34,orue,-17.439283,13.668533,ongokua,-16.656,13.423,
34,orue,-17.439283,13.668533,ehomba,-17.4963889,13.8186389,119
34,orue,-17.439283,13.668533,ruacana,-17.434674,14.386568,107
34,orue,-17.439283,13.668533,omangete,-17.500971,13.38364,230
35,orue,-17.439283,13.668533,epupa,-17.0021667,13.2441667,324
35,orue,-17.439283,13.668533,opuwo,-18.0539167,13.8326389,170
35,orue,-17.439283,13.668533,orotumba,-17.3417778,13.7805833,71
35,orue,-17.439283,13.668533,otjinungua,-17.264,12.4427222,
35,orue,-17.439283,13.668533,okanguati,-17.43125,13.2724,298
35,orue,-17.439283,13.668533,otjimuhaka,-17.3293611,13.8339722,74
35,orue,-17.439283,13.668533,ongokua,-16.656,13.423,
35,orue,-17.439283,13.668533,ehomba,-17.4963889,13.8186389,116
35,orue,-17.439283,13.668533,ruacana,-17.434674,14.386568,
35,orue,-17.439283,13.668533,omangete,-17.500971,13.38364,246
36,orue,-17.439283,13.668533,epupa,-17.0021667,13.2441667,
36,orue,-17.439283,13.668533,opuwo,-18.0539167,13.8326389,169
36,orue,-17.439283,13.668533,orotumba,-17.3417778,13.7805833,86
36,orue,-17.439283,13.668533,otjinungua,-17.264,12.4427222,
36,orue,-17.439283,13.668533,okanguati,-17.43125,13.2724,
36,orue,-17.439283,13.668533,otjimuhaka,-17.3293611,13.8339722,81
36,orue,-17.439283,13.668533,ongokua,-16.656,13.423,
36,orue,-17.439283,13.668533,ehomba,-17.4963889,13.8186389,113
36,orue,-17.439283,13.668533,ruacana,-17.434674,14.386568,
36,orue,-17.439283,13.668533,omangete,-17.500971,13.38364,
37,orue,-17.439283,13.668533,epupa,-17.0021667,13.2441667,
37,orue,-17.439283,13.668533,opuwo,-18.0539167,13.8326389,155
37,orue,-17.439283,13.668533,orotumba,-17.3417778,13.7805833,70
37,orue,-17.439283,13.668533,otjinungua,-17.264,12.4427222,
37,orue,-17.439283,13.668533,okanguati,-17.43125,13.2724,
37,orue,-17.439283,13.668533,otjimuhaka,-17.3293611,13.8339722,78
37,orue,-17.439283,13.668533,ongokua,-16.656,13.423,
37,orue,-17.439283,13.668533,ehomba,-17.4963889,13.8186389,114
37,orue,-17.439283,13.668533,ruacana,-17.434674,14.386568,
37,orue,-17.439283,13.668533,omangete,-17.500971,13.38364,
39,orue,-17.439283,13.668533,epupa,-17.0021667,13.2441667,
39,orue,-17.439283,13.668533,opuwo,-18.0539167,13.8326389,155
39,orue,-17.439283,13.668533,orotumba,-17.3417778,13.7805833,79
39,orue,-17.439283,13.668533,otjinungua,-17.264,12.4427222,
39,orue,-17.439283,13.668533,okanguati,-17.43125,13.2724,257
39,orue,-17.439283,13.668533,otjimuhaka,-17.3293611,13.8339722,86
39,orue,-17.439283,13.668533,ongokua,-16.656,13.423,
39,orue,-17.439283,13.668533,ehomba,-17.4963889,13.8186389,116
39,orue,-17.439283,13.668533,ruacana,-17.434674,14.386568,
39,orue,-17.439283,13.668533,omangete,-17.500971,13.38364,214
40,orue,-17.439283,13.668533,epupa,-17.0021667,13.2441667,
40,orue,-17.439283,13.668533,opuwo,-18.0539167,13.8326389,136
40,orue,-17.439283,13.668533,orotumba,-17.3417778,13.7805833,72
40,orue,-17.439283,13.668533,otjinungua,-17.264,12.4427222,
40,orue,-17.439283,13.668533,okanguati,-17.43125,13.2724,289
40,orue,-17.439283,13.668533,otjimuhaka,-17.3293611,13.8339722,60
40,orue,-17.439283,13.668533,ongokua,-16.656,13.423,
40,orue,-17.439283,13.668533,ehomba,-17.4963889,13.8186389,91
40,orue,-17.439283,13.668533,ruacana,-17.434674,14.386568,
40,orue,-17.439283,13.668533,omangete,-17.500971,13.38364,
41,orue,-17.439283,13.668533,epupa,-17.0021667,13.2441667,
41,orue,-17.439283,13.668533,opuwo,-18.0539167,13.8326389,141
41,orue,-17.439283,13.668533,orotumba,-17.3417778,13.7805833,92
41,orue,-17.439283,13.668533,otjinungua,-17.264,12.4427222,
41,orue,-17.439283,13.668533,okanguati,-17.43125,13.2724,214
41,orue,-17.439283,13.668533,otjimuhaka,-17.3293611,13.8339722,76
41,orue,-17.439283,13.668533,ongokua,-16.656,13.423,
41,orue,-17.439283,13.668533,ehomba,-17.4963889,13.8186389,113.5
41,orue,-17.439283,13.668533,ruacana,-17.434674,14.386568,
41,orue,-17.439283,13.668533,omangete,-17.500971,13.38364,
42,orue,-17.439283,13.668533,epupa,-17.0021667,13.2441667,341
42,orue,-17.439283,13.668533,opuwo,-18.0539167,13.8326389,152
42,orue,-17.439283,13.668533,orotumba,-17.3417778,13.7805833,93
42,orue,-17.439283,13.668533,otjinungua,-17.264,12.4427222,
42,orue,-17.439283,13.668533,okanguati,-17.43125,13.2724,233
42,orue,-17.439283,13.668533,otjimuhaka,-17.3293611,13.8339722,87
42,orue,-17.439283,13.668533,ongokua,-16.656,13.423,28
42,orue,-17.439283,13.668533,ehomba,-17.4963889,13.8186389,87
42,orue,-17.439283,13.668533,ruacana,-17.434674,14.386568,76
42,orue,-17.439283,13.668533,omangete,-17.500971,13.38364,193
43,orue,-17.439283,13.668533,epupa,-17.0021667,13.2441667,
43,orue,-17.439283,13.668533,opuwo,-18.0539167,13.8326389,145
43,orue,-17.439283,13.668533,orotumba,-17.3417778,13.7805833,64
43,orue,-17.439283,13.668533,otjinungua,-17.264,12.4427222,
43,orue,-17.439283,13.668533,okanguati,-17.43125,13.2724,
43,orue,-17.439283,13.668533,otjimuhaka,-17.3293611,13.8339722,63
43,orue,-17.439283,13.668533,ongokua,-16.656,13.423,
43,orue,-17.439283,13.668533,ehomba,-17.4963889,13.8186389,114
43,orue,-17.439283,13.668533,ruacana,-17.434674,14.386568,
43,orue,-17.439283,13.668533,omangete,-17.500971,13.38364,
44,orue,-17.439283,13.668533,epupa,-17.0021667,13.2441667,
44,orue,-17.439283,13.668533,opuwo,-18.0539167,13.8326389,143
44,orue,-17.439283,13.668533,orotumba,-17.3417778,13.7805833,82
44,orue,-17.439283,13.668533,otjinungua,-17.264,12.4427222,
44,orue,-17.439283,13.668533,okanguati,-17.43125,13.2724,
44,orue,-17.439283,13.668533,otjimuhaka,-17.3293611,13.8339722,80
44,orue,-17.439283,13.668533,ongokua,-16.656,13.423,
44,orue,-17.439283,13.668533,ehomba,-17.4963889,13.8186389,112
44,orue,-17.439283,13.668533,ruacana,-17.434674,14.386568,
44,orue,-17.439283,13.668533,omangete,-17.500971,13.38364,
45,orue,-17.439283,13.668533,epupa,-17.0021667,13.2441667,
45,orue,-17.439283,13.668533,opuwo,-18.0539167,13.8326389,142
45,orue,-17.439283,13.668533,orotumba,-17.3417778,13.7805833,91
45,orue,-17.439283,13.668533,otjinungua,-17.264,12.4427222,
45,orue,-17.439283,13.668533,okanguati,-17.43125,13.2724,245
45,orue,-17.439283,13.668533,otjimuhaka,-17.3293611,13.8339722,90
45,orue,-17.439283,13.668533,ongokua,-16.656,13.423,
45,orue,-17.439283,13.668533,ehomba,-17.4963889,13.8186389,116
45,orue,-17.439283,13.668533,ruacana,-17.434674,14.386568,
45,orue,-17.439283,13.668533,omangete,-17.500971,13.38364,218
46,orue,-17.439283,13.668533,epupa,-17.0021667,13.2441667,
46,orue,-17.439283,13.668533,opuwo,-18.0539167,13.8326389,160
46,orue,-17.439283,13.668533,orotumba,-17.3417778,13.7805833,72
46,orue,-17.439283,13.668533,otjinungua,-17.264,12.4427222,
46,orue,-17.439283,13.668533,okanguati,-17.43125,13.2724,280
46,orue,-17.439283,13.668533,otjimuhaka,-17.3293611,13.8339722,66
46,orue,-17.439283,13.668533,ongokua,-16.656,13.423,
46,orue,-17.439283,13.668533,ehomba,-17.4963889,13.8186389,90
46,orue,-17.439283,13.668533,ruacana,-17.434674,14.386568,104
46,orue,-17.439283,13.668533,omangete,-17.500971,13.38364,256
47,orue,-17.439283,13.668533,epupa,-17.0021667,13.2441667,306
47,orue,-17.439283,13.668533,opuwo,-18.0539167,13.8326389,166
47,orue,-17.439283,13.668533,orotumba,-17.3417778,13.7805833,70
47,orue,-17.439283,13.668533,otjinungua,-17.264,12.4427222,
47,orue,-17.439283,13.668533,okanguati,-17.43125,13.2724,288
47,orue,-17.439283,13.668533,otjimuhaka,-17.3293611,13.8339722,66
47,orue,-17.439283,13.668533,ongokua,-16.656,13.423,
47,orue,-17.439283,13.668533,ehomba,-17.4963889,13.8186389,114
47,orue,-17.439283,13.668533,ruacana,-17.434674,14.386568,105
47,orue,-17.439283,13.668533,omangete,-17.500971,13.38364,
48,orue,-17.439283,13.668533,epupa,-17.0021667,13.2441667,
48,orue,-17.439283,13.668533,opuwo,-18.0539167,13.8326389,150
48,orue,-17.439283,13.668533,orotumba,-17.3417778,13.7805833,
48,orue,-17.439283,13.668533,otjinungua,-17.264,12.4427222,
48,orue,-17.439283,13.668533,okanguati,-17.43125,13.2724,
48,orue,-17.439283,13.668533,otjimuhaka,-17.3293611,13.8339722,98
48,orue,-17.439283,13.668533,ongokua,-16.656,13.423,
48,orue,-17.439283,13.668533,ehomba,-17.4963889,13.8186389,121
48,orue,-17.439283,13.668533,ruacana,-17.434674,14.386568,
48,orue,-17.439283,13.668533,omangete,-17.500971,13.38364,
49,orue,-17.439283,13.668533,epupa,-17.0021667,13.2441667,
49,orue,-17.439283,13.668533,opuwo,-18.0539167,13.8326389,157
49,orue,-17.439283,13.668533,orotumba,-17.3417778,13.7805833,76
49,orue,-17.439283,13.668533,otjinungua,-17.264,12.4427222,
49,orue,-17.439283,13.668533,okanguati,-17.43125,13.2724,
49,orue,-17.439283,13.668533,otjimuhaka,-17.3293611,13.8339722,115
49,orue,-17.439283,13.668533,ongokua,-16.656,13.423,
49,orue,-17.439283,13.668533,ehomba,-17.4963889,13.8186389,
49,orue,-17.439283,13.668533,ruacana,-17.434674,14.386568,
49,orue,-17.439283,13.668533,omangete,-17.500971,13.38364,
50,orue,-17.439283,13.668533,epupa,-17.0021667,13.2441667,
50,orue,-17.439283,13.668533,opuwo,-18.0539167,13.8326389,130
50,orue,-17.439283,13.668533,orotumba,-17.3417778,13.7805833,
50,orue,-17.439283,13.668533,otjinungua,-17.264,12.4427222,
50,orue,-17.439283,13.668533,okanguati,-17.43125,13.2724,230
50,orue,-17.439283,13.668533,otjimuhaka,-17.3293611,13.8339722,99
50,orue,-17.439283,13.668533,ongokua,-16.656,13.423,
50,orue,-17.439283,13.668533,ehomba,-17.4963889,13.8186389,113
50,orue,-17.439283,13.668533,ruacana,-17.434674,14.386568,
50,orue,-17.439283,13.668533,omangete,-17.500971,13.38364,
51,okotuwondo,-17.40556,13.470221,epupa,-17.0021667,13.2441667,324
51,okotuwondo,-17.40556,13.470221,opuwo,-18.0539167,13.8326389,172
51,okotuwondo,-17.40556,13.470221,orotumba,-17.3417778,13.7805833,82
51,okotuwondo,-17.40556,13.470221,otjinungua,-17.264,12.4427222,237
51,okotuwondo,-17.40556,13.470221,okanguati,-17.43125,13.2724,260
51,okotuwondo,-17.40556,13.470221,otjimuhaka,-17.3293611,13.8339722,78
51,okotuwondo,-17.40556,13.470221,ongokua,-16.656,13.423,342
51,okotuwondo,-17.40556,13.470221,ehomba,-17.4963889,13.8186389,100
51,okotuwondo,-17.40556,13.470221,ruacana,-17.434674,14.386568,96
51,okotuwondo,-17.40556,13.470221,omangete,-17.500971,13.38364,218
52,okotuwondo,-17.40556,13.470221,epupa,-17.0021667,13.2441667,305
52,okotuwondo,-17.40556,13.470221,opuwo,-18.0539167,13.8326389,175
52,okotuwondo,-17.40556,13.470221,orotumba,-17.3417778,13.7805833,95
52,okotuwondo,-17.40556,13.470221,otjinungua,-17.264,12.4427222,
52,okotuwondo,-17.40556,13.470221,okanguati,-17.43125,13.2724,285
52,okotuwondo,-17.40556,13.470221,otjimuhaka,-17.3293611,13.8339722,84
52,okotuwondo,-17.40556,13.470221,ongokua,-16.656,13.423,
52,okotuwondo,-17.40556,13.470221,ehomba,-17.4963889,13.8186389,115
52,okotuwondo,-17.40556,13.470221,ruacana,-17.434674,14.386568,
52,okotuwondo,-17.40556,13.470221,omangete,-17.500971,13.38364,233
53,okotuwondo,-17.40556,13.470221,epupa,-17.0021667,13.2441667,
53,okotuwondo,-17.40556,13.470221,opuwo,-18.0539167,13.8326389,
53,okotuwondo,-17.40556,13.470221,orotumba,-17.3417778,13.7805833,
53,okotuwondo,-17.40556,13.470221,otjinungua,-17.264,12.4427222,
53,okotuwondo,-17.40556,13.470221,okanguati,-17.43125,13.2724,270
53,okotuwondo,-17.40556,13.470221,otjimuhaka,-17.3293611,13.8339722,
53,okotuwondo,-17.40556,13.470221,ongokua,-16.656,13.423,
53,okotuwondo,-17.40556,13.470221,ehomba,-17.4963889,13.8186389,
53,okotuwondo,-17.40556,13.470221,ruacana,-17.434674,14.386568,
53,okotuwondo,-17.40556,13.470221,omangete,-17.500971,13.38364,219
54,okotuwondo,-17.40556,13.470221,epupa,-17.0021667,13.2441667,331.5
54,okotuwondo,-17.40556,13.470221,opuwo,-18.0539167,13.8326389,173
54,okotuwondo,-17.40556,13.470221,orotumba,-17.3417778,13.7805833,87
54,okotuwondo,-17.40556,13.470221,otjinungua,-17.264,12.4427222,
54,okotuwondo,-17.40556,13.470221,okanguati,-17.43125,13.2724,263
54,okotuwondo,-17.40556,13.470221,otjimuhaka,-17.3293611,13.8339722,85
54,okotuwondo,-17.40556,13.470221,ongokua,-16.656,13.423,1
54,okotuwondo,-17.40556,13.470221,ehomba,-17.4963889,13.8186389,98
54,okotuwondo,-17.40556,13.470221,ruacana,-17.434674,14.386568,
54,okotuwondo,-17.40556,13.470221,omangete,-17.500971,13.38364,216.5
55,okotuwondo,-17.40556,13.470221,epupa,-17.0021667,13.2441667,306
55,okotuwondo,-17.40556,13.470221,opuwo,-18.0539167,13.8326389,195
55,okotuwondo,-17.40556,13.470221,orotumba,-17.3417778,13.7805833,77
55,okotuwondo,-17.40556,13.470221,otjinungua,-17.264,12.4427222,
55,okotuwondo,-17.40556,13.470221,okanguati,-17.43125,13.2724,275
55,okotuwondo,-17.40556,13.470221,otjimuhaka,-17.3293611,13.8339722,81
55,okotuwondo,-17.40556,13.470221,ongokua,-16.656,13.423,
55,okotuwondo,-17.40556,13.470221,ehomba,-17.4963889,13.8186389,106
55,okotuwondo,-17.40556,13.470221,ruacana,-17.434674,14.386568,
55,okotuwondo,-17.40556,13.470221,omangete,-17.500971,13.38364,212
56,okotuwondo,-17.40556,13.470221,epupa,-17.0021667,13.2441667,
56,okotuwondo,-17.40556,13.470221,opuwo,-18.0539167,13.8326389,185
56,okotuwondo,-17.40556,13.470221,orotumba,-17.3417778,13.7805833,
56,okotuwondo,-17.40556,13.470221,otjinungua,-17.264,12.4427222,
56,okotuwondo,-17.40556,13.470221,okanguati,-17.43125,13.2724,270
56,okotuwondo,-17.40556,13.470221,otjimuhaka,-17.3293611,13.8339722,
56,okotuwondo,-17.40556,13.470221,ongokua,-16.656,13.423,
56,okotuwondo,-17.40556,13.470221,ehomba,-17.4963889,13.8186389,
56,okotuwondo,-17.40556,13.470221,ruacana,-17.434674,14.386568,
56,okotuwondo,-17.40556,13.470221,omangete,-17.500971,13.38364,228
57,okotuwondo,-17.40556,13.470221,epupa,-17.0021667,13.2441667,
57,okotuwondo,-17.40556,13.470221,opuwo,-18.0539167,13.8326389,160
57,okotuwondo,-17.40556,13.470221,orotumba,-17.3417778,13.7805833,
57,okotuwondo,-17.40556,13.470221,otjinungua,-17.264,12.4427222,
57,okotuwondo,-17.40556,13.470221,okanguati,-17.43125,13.2724,277
57,okotuwondo,-17.40556,13.470221,otjimuhaka,-17.3293611,13.8339722,107
57,okotuwondo,-17.40556,13.470221,ongokua,-16.656,13.423,
57,okotuwondo,-17.40556,13.470221,ehomba,-17.4963889,13.8186389,121
57,okotuwondo,-17.40556,13.470221,ruacana,-17.434674,14.386568,113
57,okotuwondo,-17.40556,13.470221,omangete,-17.500971,13.38364,241
58,okotuwondo,-17.40556,13.470221,epupa,-17.0021667,13.2441667,322
58,okotuwondo,-17.40556,13.470221,opuwo,-18.0539167,13.8326389,167
58,okotuwondo,-17.40556,13.470221,orotumba,-17.3417778,13.7805833,
58,okotuwondo,-17.40556,13.470221,otjinungua,-17.264,12.4427222,
58,okotuwondo,-17.40556,13.470221,okanguati,-17.43125,13.2724,268
58,okotuwondo,-17.40556,13.470221,otjimuhaka,-17.3293611,13.8339722,
58,okotuwondo,-17.40556,13.470221,ongokua,-16.656,13.423,
58,okotuwondo,-17.40556,13.470221,ehomba,-17.4963889,13.8186389,121
58,okotuwondo,-17.40556,13.470221,ruacana,-17.434674,14.386568,
58,okotuwondo,-17.40556,13.470221,omangete,-17.500971,13.38364,217
59,okotuwondo,-17.40556,13.470221,epupa,-17.0021667,13.2441667,306
59,okotuwondo,-17.40556,13.470221,opuwo,-18.0539167,13.8326389,157
59,okotuwondo,-17.40556,13.470221,orotumba,-17.3417778,13.7805833,92
59,okotuwondo,-17.40556,13.470221,otjinungua,-17.264,12.4427222,
59,okotuwondo,-17.40556,13.470221,okanguati,-17.43125,13.2724,267
59,okotuwondo,-17.40556,13.470221,otjimuhaka,-17.3293611,13.8339722,87.5
59,okotuwondo,-17.40556,13.470221,ongokua,-16.656,13.423,349
59,okotuwondo,-17.40556,13.470221,ehomba,-17.4963889,13.8186389,113
59,okotuwondo,-17.40556,13.470221,ruacana,-17.434674,14.386568,
59,okotuwondo,-17.40556,13.470221,omangete,-17.500971,13.38364,217
60,okotuwondo,-17.40556,13.470221,epupa,-17.0021667,13.2441667,299
60,okotuwondo,-17.40556,13.470221,opuwo,-18.0539167,13.8326389,182
60,okotuwondo,-17.40556,13.470221,orotumba,-17.3417778,13.7805833,83
60,okotuwondo,-17.40556,13.470221,otjinungua,-17.264,12.4427222,300
60,okotuwondo,-17.40556,13.470221,okanguati,-17.43125,13.2724,280
60,okotuwondo,-17.40556,13.470221,otjimuhaka,-17.3293611,13.8339722,63
60,okotuwondo,-17.40556,13.470221,ongokua,-16.656,13.423,2
60,okotuwondo,-17.40556,13.470221,ehomba,-17.4963889,13.8186389,92
60,okotuwondo,-17.40556,13.470221,ruacana,-17.434674,14.386568,90
60,okotuwondo,-17.40556,13.470221,omangete,-17.500971,13.38364,205
61,okotuwondo,-17.40556,13.470221,epupa,-17.0021667,13.2441667,
61,okotuwondo,-17.40556,13.470221,opuwo,-18.0539167,13.8326389,195
61,okotuwondo,-17.40556,13.470221,orotumba,-17.3417778,13.7805833,
61,okotuwondo,-17.40556,13.470221,otjinungua,-17.264,12.4427222,
61,okotuwondo,-17.40556,13.470221,okanguati,-17.43125,13.2724,266
61,okotuwondo,-17.40556,13.470221,otjimuhaka,-17.3293611,13.8339722,114
61,okotuwondo,-17.40556,13.470221,ongokua,-16.656,13.423,
61,okotuwondo,-17.40556,13.470221,ehomba,-17.4963889,13.8186389,123
61,okotuwondo,-17.40556,13.470221,ruacana,-17.434674,14.386568,
61,okotuwondo,-17.40556,13.470221,omangete,-17.500971,13.38364,215
62,okotuwondo,-17.40556,13.470221,epupa,-17.0021667,13.2441667,290
62,okotuwondo,-17.40556,13.470221,opuwo,-18.0539167,13.8326389,142
62,okotuwondo,-17.40556,13.470221,orotumba,-17.3417778,13.7805833,95
62,okotuwondo,-17.40556,13.470221,otjinungua,-17.264,12.4427222,
62,okotuwondo,-17.40556,13.470221,okanguati,-17.43125,13.2724,256
62,okotuwondo,-17.40556,13.470221,otjimuhaka,-17.3293611,13.8339722,78
62,okotuwondo,-17.40556,13.470221,ongokua,-16.656,13.423,360
62,okotuwondo,-17.40556,13.470221,ehomba,-17.4963889,13.8186389,108
62,okotuwondo,-17.40556,13.470221,ruacana,-17.434674,14.386568,100
62,okotuwondo,-17.40556,13.470221,omangete,-17.500971,13.38364,187
63,okotuwondo,-17.40556,13.470221,epupa,-17.0021667,13.2441667,330.5
63,okotuwondo,-17.40556,13.470221,opuwo,-18.0539167,13.8326389,250
63,okotuwondo,-17.40556,13.470221,orotumba,-17.3417778,13.7805833,72
63,okotuwondo,-17.40556,13.470221,otjinungua,-17.264,12.4427222,
63,okotuwondo,-17.40556,13.470221,okanguati,-17.43125,13.2724,285
63,okotuwondo,-17.40556,13.470221,otjimuhaka,-17.3293611,13.8339722,75
63,okotuwondo,-17.40556,13.470221,ongokua,-16.656,13.423,10
63,okotuwondo,-17.40556,13.470221,ehomba,-17.4963889,13.8186389,101
63,okotuwondo,-17.40556,13.470221,ruacana,-17.434674,14.386568,
63,okotuwondo,-17.40556,13.470221,omangete,-17.500971,13.38364,209
64,otjomuru,-17.4102,13.47085,epupa,-17.0021667,13.2441667,300
64,otjomuru,-17.4102,13.47085,opuwo,-18.0539167,13.8326389,160
64,otjomuru,-17.4102,13.47085,orotumba,-17.3417778,13.7805833,69
64,otjomuru,-17.4102,13.47085,otjinungua,-17.264,12.4427222,
64,otjomuru,-17.4102,13.47085,okanguati,-17.43125,13.2724,262
64,otjomuru,-17.4102,13.47085,otjimuhaka,-17.3293611,13.8339722,72
64,otjomuru,-17.4102,13.47085,ongokua,-16.656,13.423,351
64,otjomuru,-17.4102,13.47085,ehomba,-17.4963889,13.8186389,
64,otjomuru,-17.4102,13.47085,ruacana,-17.434674,14.386568,82
64,otjomuru,-17.4102,13.47085,omangete,-17.500971,13.38364,240
65,otjomuru,-17.4102,13.47085,epupa,-17.0021667,13.2441667,320
65,otjomuru,-17.4102,13.47085,opuwo,-18.0539167,13.8326389,185
65,otjomuru,-17.4102,13.47085,orotumba,-17.3417778,13.7805833,88
65,otjomuru,-17.4102,13.47085,otjinungua,-17.264,12.4427222,285
65,otjomuru,-17.4102,13.47085,okanguati,-17.43125,13.2724,264
65,otjomuru,-17.4102,13.47085,otjimuhaka,-17.3293611,13.8339722,97
65,otjomuru,-17.4102,13.47085,ongokua,-16.656,13.423,2
65,otjomuru,-17.4102,13.47085,ehomba,-17.4963889,13.8186389,108
65,otjomuru,-17.4102,13.47085,ruacana,-17.434674,14.386568,106
65,otjomuru,-17.4102,13.47085,omangete,-17.500971,13.38364,200
66,otjomuru,-17.4102,13.47085,epupa,-17.0021667,13.2441667,309
66,otjomuru,-17.4102,13.47085,opuwo,-18.0539167,13.8326389,222
66,otjomuru,-17.4102,13.47085,orotumba,-17.3417778,13.7805833,
66,otjomuru,-17.4102,13.47085,otjinungua,-17.264,12.4427222,
66,otjomuru,-17.4102,13.47085,okanguati,-17.43125,13.2724,273
66,otjomuru,-17.4102,13.47085,otjimuhaka,-17.3293611,13.8339722,
66,otjomuru,-17.4102,13.47085,ongokua,-16.656,13.423,354
66,otjomuru,-17.4102,13.47085,ehomba,-17.4963889,13.8186389,
66,otjomuru,-17.4102,13.47085,ruacana,-17.434674,14.386568,
66,otjomuru,-17.4102,13.47085,omangete,-17.500971,13.38364,243
67,otjomuru,-17.4102,13.47085,epupa,-17.0021667,13.2441667,311
67,otjomuru,-17.4102,13.47085,opuwo,-18.0539167,13.8326389,199
67,otjomuru,-17.4102,13.47085,orotumba,-17.3417778,13.7805833,84
67,otjomuru,-17.4102,13.47085,otjinungua,-17.264,12.4427222,
67,otjomuru,-17.4102,13.47085,okanguati,-17.43125,13.2724,256
67,otjomuru,-17.4102,13.47085,otjimuhaka,-17.3293611,13.8339722,85
67,otjomuru,-17.4102,13.47085,ongokua,-16.656,13.423,
67,otjomuru,-17.4102,13.47085,ehomba,-17.4963889,13.8186389,108
67,otjomuru,-17.4102,13.47085,ruacana,-17.434674,14.386568,
67,otjomuru,-17.4102,13.47085,omangete,-17.500971,13.38364,
68,otjomuru,-17.4102,13.47085,epupa,-17.0021667,13.2441667,323.5
68,otjomuru,-17.4102,13.47085,opuwo,-18.0539167,13.8326389,165
68,otjomuru,-17.4102,13.47085,orotumba,-17.3417778,13.7805833,83
68,otjomuru,-17.4102,13.47085,otjinungua,-17.264,12.4427222,
68,otjomuru,-17.4102,13.47085,okanguati,-17.43125,13.2724,267.5
68,otjomuru,-17.4102,13.47085,otjimuhaka,-17.3293611,13.8339722,87
68,otjomuru,-17.4102,13.47085,ongokua,-16.656,13.423,350
68,otjomuru,-17.4102,13.47085,ehomba,-17.4963889,13.8186389,78
68,otjomuru,-17.4102,13.47085,ruacana,-17.434674,14.386568,
68,otjomuru,-17.4102,13.47085,omangete,-17.500971,13.38364,234
69,otjomuru,-17.4102,13.47085,epupa,-17.0021667,13.2441667,303.5
69,otjomuru,-17.4102,13.47085,opuwo,-18.0539167,13.8326389,164
69,otjomuru,-17.4102,13.47085,orotumba,-17.3417778,13.7805833,80
69,otjomuru,-17.4102,13.47085,otjinungua,-17.264,12.4427222,
69,otjomuru,-17.4102,13.47085,okanguati,-17.43125,13.2724,265
69,otjomuru,-17.4102,13.47085,otjimuhaka,-17.3293611,13.8339722,69
69,otjomuru,-17.4102,13.47085,ongokua,-16.656,13.423,345
69,otjomuru,-17.4102,13.47085,ehomba,-17.4963889,13.8186389,
69,otjomuru,-17.4102,13.47085,ruacana,-17.434674,14.386568,104
69,otjomuru,-17.4102,13.47085,omangete,-17.500971,13.38364,217.5
70,otjomuru,-17.4102,13.47085,epupa,-17.0021667,13.2441667,325
70,otjomuru,-17.4102,13.47085,opuwo,-18.0539167,13.8326389,168
70,otjomuru,-17.4102,13.47085,orotumba,-17.3417778,13.7805833,80
70,otjomuru,-17.4102,13.47085,otjinungua,-17.264,12.4427222,
70,otjomuru,-17.4102,13.47085,okanguati,-17.43125,13.2724,257
70,otjomuru,-17.4102,13.47085,otjimuhaka,-17.3293611,13.8339722,81
70,otjomuru,-17.4102,13.47085,ongokua,-16.656,13.423,
70,otjomuru,-17.4102,13.47085,ehomba,-17.4963889,13.8186389,107
70,otjomuru,-17.4102,13.47085,ruacana,-17.434674,14.386568,
70,otjomuru,-17.4102,13.47085,omangete,-17.500971,13.38364,207
71,otjomuru,-17.4102,13.47085,epupa,-17.0021667,13.2441667,315
71,otjomuru,-17.4102,13.47085,opuwo,-18.0539167,13.8326389,150
71,otjomuru,-17.4102,13.47085,orotumba,-17.3417778,13.7805833,95
71,otjomuru,-17.4102,13.47085,otjinungua,-17.264,12.4427222,
71,otjomuru,-17.4102,13.47085,okanguati,-17.43125,13.2724,265
71,otjomuru,-17.4102,13.47085,otjimuhaka,-17.3293611,13.8339722,94
71,otjomuru,-17.4102,13.47085,ongokua,-16.656,13.423,5
71,otjomuru,-17.4102,13.47085,ehomba,-17.4963889,13.8186389,112
71,otjomuru,-17.4102,13.47085,ruacana,-17.434674,14.386568,
71,otjomuru,-17.4102,13.47085,omangete,-17.500971,13.38364,238
72,otjomuru,-17.4102,13.47085,epupa,-17.0021667,13.2441667,310
72,otjomuru,-17.4102,13.47085,opuwo,-18.0539167,13.8326389,175
72,otjomuru,-17.4102,13.47085,orotumba,-17.3417778,13.7805833,82
72,otjomuru,-17.4102,13.47085,otjinungua,-17.264,12.4427222,249
72,otjomuru,-17.4102,13.47085,okanguati,-17.43125,13.2724,272
72,otjomuru,-17.4102,13.47085,otjimuhaka,-17.3293611,13.8339722,92
72,otjomuru,-17.4102,13.47085,ongokua,-16.656,13.423,
72,otjomuru,-17.4102,13.47085,ehomba,-17.4963889,13.8186389,117
72,otjomuru,-17.4102,13.47085,ruacana,-17.434674,14.386568,107
72,otjomuru,-17.4102,13.47085,omangete,-17.500971,13.38364,244
73,otjomuru,-17.4102,13.47085,epupa,-17.0021667,13.2441667,317
73,otjomuru,-17.4102,13.47085,opuwo,-18.0539167,13.8326389,210
73,otjomuru,-17.4102,13.47085,orotumba,-17.3417778,13.7805833,119
73,otjomuru,-17.4102,13.47085,otjinungua,-17.264,12.4427222,
73,otjomuru,-17.4102,13.47085,okanguati,-17.43125,13.2724,256
73,otjomuru,-17.4102,13.47085,otjimuhaka,-17.3293611,13.8339722,112
73,otjomuru,-17.4102,13.47085,ongokua,-16.656,13.423,328
73,otjomuru,-17.4102,13.47085,ehomba,-17.4963889,13.8186389,133.5
73,otjomuru,-17.4102,13.47085,ruacana,-17.434674,14.386568,
73,otjomuru,-17.4102,13.47085,omangete,-17.500971,13.38364,214
74,otjomuru,-17.4102,13.47085,epupa,-17.0021667,13.2441667,
74,otjomuru,-17.4102,13.47085,opuwo,-18.0539167,13.8326389,104
74,otjomuru,-17.4102,13.47085,orotumba,-17.3417778,13.7805833,
74,otjomuru,-17.4102,13.47085,otjinungua,-17.264,12.4427222,
74,otjomuru,-17.4102,13.47085,okanguati,-17.43125,13.2724,
74,otjomuru,-17.4102,13.47085,otjimuhaka,-17.3293611,13.8339722,
74,otjomuru,-17.4102,13.47085,ongokua,-16.656,13.423,
74,otjomuru,-17.4102,13.47085,ehomba,-17.4963889,13.8186389,
74,otjomuru,-17.4102,13.47085,ruacana,-17.434674,14.386568,85
74,otjomuru,-17.4102,13.47085,omangete,-17.500971,13.38364,
75,okotuwondo,-17.40556,13.470221,epupa,-17.0021667,13.2441667,299
75,okotuwondo,-17.40556,13.470221,opuwo,-18.0539167,13.8326389,197
75,okotuwondo,-17.40556,13.470221,orotumba,-17.3417778,13.7805833,76
75,okotuwondo,-17.40556,13.470221,otjinungua,-17.264,12.4427222,
75,okotuwondo,-17.40556,13.470221,okanguati,-17.43125,13.2724,260
75,okotuwondo,-17.40556,13.470221,otjimuhaka,-17.3293611,13.8339722,81
75,okotuwondo,-17.40556,13.470221,ongokua,-16.656,13.423,
75,okotuwondo,-17.40556,13.470221,ehomba,-17.4963889,13.8186389,
75,okotuwondo,-17.40556,13.470221,ruacana,-17.434674,14.386568,
75,okotuwondo,-17.40556,13.470221,omangete,-17.500971,13.38364,
76,okau,-17.3923,13.606783,epupa,-17.0021667,13.2441667,318
76,okau,-17.3923,13.606783,opuwo,-18.0539167,13.8326389,146.5
76,okau,-17.3923,13.606783,orotumba,-17.3417778,13.7805833,75
76,okau,-17.3923,13.606783,otjinungua,-17.264,12.4427222,
76,okau,-17.3923,13.606783,okanguati,-17.43125,13.2724,255
76,okau,-17.3923,13.606783,otjimuhaka,-17.3293611,13.8339722,77
76,okau,-17.3923,13.606783,ongokua,-16.656,13.423,7
76,okau,-17.3923,13.606783,ehomba,-17.4963889,13.8186389,124
76,okau,-17.3923,13.606783,ruacana,-17.434674,14.386568,98
76,okau,-17.3923,13.606783,omangete,-17.500971,13.38364,
77,okau,-17.3923,13.606783,epupa,-17.0021667,13.2441667,290
77,okau,-17.3923,13.606783,opuwo,-18.0539167,13.8326389,199
77,okau,-17.3923,13.606783,orotumba,-17.3417778,13.7805833,90
77,okau,-17.3923,13.606783,otjinungua,-17.264,12.4427222,
77,okau,-17.3923,13.606783,okanguati,-17.43125,13.2724,245
77,okau,-17.3923,13.606783,otjimuhaka,-17.3293611,13.8339722,94
77,okau,-17.3923,13.606783,ongokua,-16.656,13.423,323
77,okau,-17.3923,13.606783,ehomba,-17.4963889,13.8186389,133
77,okau,-17.3923,13.606783,ruacana,-17.434674,14.386568,
77,okau,-17.3923,13.606783,omangete,-17.500971,13.38364,
78,okau,-17.3923,13.606783,epupa,-17.0021667,13.2441667,
78,okau,-17.3923,13.606783,opuwo,-18.0539167,13.8326389,190
78,okau,-17.3923,13.606783,orotumba,-17.3417778,13.7805833,115
78,okau,-17.3923,13.606783,otjinungua,-17.264,12.4427222,
78,okau,-17.3923,13.606783,okanguati,-17.43125,13.2724,284
78,okau,-17.3923,13.606783,otjimuhaka,-17.3293611,13.8339722,102.5
78,okau,-17.3923,13.606783,ongokua,-16.656,13.423,339
78,okau,-17.3923,13.606783,ehomba,-17.4963889,13.8186389,115
78,okau,-17.3923,13.606783,ruacana,-17.434674,14.386568,86
78,okau,-17.3923,13.606783,omangete,-17.500971,13.38364,
79,okau,-17.3923,13.606783,epupa,-17.0021667,13.2441667,
79,okau,-17.3923,13.606783,opuwo,-18.0539167,13.8326389,179
79,okau,-17.3923,13.606783,orotumba,-17.3417778,13.7805833,72
79,okau,-17.3923,13.606783,otjinungua,-17.264,12.4427222,
79,okau,-17.3923,13.606783,okanguati,-17.43125,13.2724,259
79,okau,-17.3923,13.606783,otjimuhaka,-17.3293611,13.8339722,53
79,okau,-17.3923,13.606783,ongokua,-16.656,13.423,
79,okau,-17.3923,13.606783,ehomba,-17.4963889,13.8186389,
79,okau,-17.3923,13.606783,ruacana,-17.434674,14.386568,
79,okau,-17.3923,13.606783,omangete,-17.500971,13.38364,
80,okau,-17.3923,13.606783,epupa,-17.0021667,13.2441667,306
80,okau,-17.3923,13.606783,opuwo,-18.0539167,13.8326389,157
80,okau,-17.3923,13.606783,orotumba,-17.3417778,13.7805833,78
80,okau,-17.3923,13.606783,otjinungua,-17.264,12.4427222,
80,okau,-17.3923,13.606783,okanguati,-17.43125,13.2724,272
80,okau,-17.3923,13.606783,otjimuhaka,-17.3293611,13.8339722,74
80,okau,-17.3923,13.606783,ongokua,-16.656,13.423,354
80,okau,-17.3923,13.606783,ehomba,-17.4963889,13.8186389,
80,okau,-17.3923,13.606783,ruacana,-17.434674,14.386568,
80,okau,-17.3923,13.606783,omangete,-17.500971,13.38364,261
81,okau,-17.3923,13.606783,epupa,-17.0021667,13.2441667,303
81,okau,-17.3923,13.606783,opuwo,-18.0539167,13.8326389,183.5
81,okau,-17.3923,13.606783,orotumba,-17.3417778,13.7805833,68
81,okau,-17.3923,13.606783,otjinungua,-17.264,12.4427222,
81,okau,-17.3923,13.606783,okanguati,-17.43125,13.2724,253
81,okau,-17.3923,13.606783,otjimuhaka,-17.3293611,13.8339722,67.5
81,okau,-17.3923,13.606783,ongokua,-16.656,13.423,
81,okau,-17.3923,13.606783,ehomba,-17.4963889,13.8186389,92.5
81,okau,-17.3923,13.606783,ruacana,-17.434674,14.386568,82
81,okau,-17.3923,13.606783,omangete,-17.500971,13.38364,232.5
82,okau,-17.3923,13.606783,epupa,-17.0021667,13.2441667,303.5
82,okau,-17.3923,13.606783,opuwo,-18.0539167,13.8326389,189
82,okau,-17.3923,13.606783,orotumba,-17.3417778,13.7805833,
82,okau,-17.3923,13.606783,otjinungua,-17.264,12.4427222,
82,okau,-17.3923,13.606783,okanguati,-17.43125,13.2724,272
82,okau,-17.3923,13.606783,otjimuhaka,-17.3293611,13.8339722,
82,okau,-17.3923,13.606783,ongokua,-16.656,13.423,
82,okau,-17.3923,13.606783,ehomba,-17.4963889,13.8186389,
82,okau,-17.3923,13.606783,ruacana,-17.434674,14.386568,
82,okau,-17.3923,13.606783,omangete,-17.500971,13.38364,241
83,okau,-17.3923,13.606783,epupa,-17.0021667,13.2441667,289
83,okau,-17.3923,13.606783,opuwo,-18.0539167,13.8326389,139
83,okau,-17.3923,13.606783,orotumba,-17.3417778,13.7805833,77
83,okau,-17.3923,13.606783,otjinungua,-17.264,12.4427222,
83,okau,-17.3923,13.606783,okanguati,-17.43125,13.2724,254
83,okau,-17.3923,13.606783,otjimuhaka,-17.3293611,13.8339722,77
83,okau,-17.3923,13.606783,ongokua,-16.656,13.423,
83,okau,-17.3923,13.606783,ehomba,-17.4963889,13.8186389,120
83,okau,-17.3923,13.606783,ruacana,-17.434674,14.386568,
83,okau,-17.3923,13.606783,omangete,-17.500971,13.38364,226
84,okau,-17.3923,13.606783,epupa,-17.0021667,13.2441667,
84,okau,-17.3923,13.606783,opuwo,-18.0539167,13.8326389,172
84,okau,-17.3923,13.606783,orotumba,-17.3417778,13.7805833,88
84,okau,-17.3923,13.606783,otjinungua,-17.264,12.4427222,
84,okau,-17.3923,13.606783,okanguati,-17.43125,13.2724,262
84,okau,-17.3923,13.606783,otjimuhaka,-17.3293611,13.8339722,74
84,okau,-17.3923,13.606783,ongokua,-16.656,13.423,
84,okau,-17.3923,13.606783,ehomba,-17.4963889,13.8186389,
84,okau,-17.3923,13.606783,ruacana,-17.434674,14.386568,9
84,okau,-17.3923,13.606783,omangete,-17.500971,13.38364,
86,okau,-17.3923,13.606783,epupa,-17.0021667,13.2441667,345
86,okau,-17.3923,13.606783,opuwo,-18.0539167,13.8326389,177
86,okau,-17.3923,13.606783,orotumba,-17.3417778,13.7805833,94
86,okau,-17.3923,13.606783,otjinungua,-17.264,12.4427222,
86,okau,-17.3923,13.606783,okanguati,-17.43125,13.2724,254
86,okau,-17.3923,13.606783,otjimuhaka,-17.3293611,13.8339722,90
86,okau,-17.3923,13.606783,ongokua,-16.656,13.423,10
86,okau,-17.3923,13.606783,ehomba,-17.4963889,13.8186389,107
86,okau,-17.3923,13.606783,ruacana,-17.434674,14.386568,
86,okau,-17.3923,13.606783,omangete,-17.500971,13.38364,
87,okau,-17.3923,13.606783,epupa,-17.0021667,13.2441667,277
87,okau,-17.3923,13.606783,opuwo,-18.0539167,13.8326389,148
87,okau,-17.3923,13.606783,orotumba,-17.3417778,13.7805833,
87,okau,-17.3923,13.606783,otjinungua,-17.264,12.4427222,
87,okau,-17.3923,13.606783,okanguati,-17.43125,13.2724,243
87,okau,-17.3923,13.606783,otjimuhaka,-17.3293611,13.8339722,75
87,okau,-17.3923,13.606783,ongokua,-16.656,13.423,354
87,okau,-17.3923,13.606783,ehomba,-17.4963889,13.8186389,
87,okau,-17.3923,13.606783,ruacana,-17.434674,14.386568,
87,okau,-17.3923,13.606783,omangete,-17.500971,13.38364,
88,okau,-17.3923,13.606783,epupa,-17.0021667,13.2441667,
88,okau,-17.3923,13.606783,opuwo,-18.0539167,13.8326389,138
88,okau,-17.3923,13.606783,orotumba,-17.3417778,13.7805833,85
88,okau,-17.3923,13.606783,otjinungua,-17.264,12.4427222,
88,okau,-17.3923,13.606783,okanguati,-17.43125,13.2724,264
88,okau,-17.3923,13.606783,otjimuhaka,-17.3293611,13.8339722,78
88,okau,-17.3923,13.606783,ongokua,-16.656,13.423,
88,okau,-17.3923,13.606783,ehomba,-17.4963889,13.8186389,110
88,okau,-17.3923,13.606783,ruacana,-17.434674,14.386568,
88,okau,-17.3923,13.606783,omangete,-17.500971,13.38364,240
89,okau,-17.3923,13.606783,epupa,-17.0021667,13.2441667,
89,okau,-17.3923,13.606783,opuwo,-18.0539167,13.8326389,
89,okau,-17.3923,13.606783,orotumba,-17.3417778,13.7805833,89
89,okau,-17.3923,13.606783,otjinungua,-17.264,12.4427222,
89,okau,-17.3923,13.606783,okanguati,-17.43125,13.2724,247
89,okau,-17.3923,13.606783,otjimuhaka,-17.3293611,13.8339722,90
89,okau,-17.3923,13.606783,ongokua,-16.656,13.423,
89,okau,-17.3923,13.606783,ehomba,-17.4963889,13.8186389,106
89,okau,-17.3923,13.606783,ruacana,-17.434674,14.386568,
89,okau,-17.3923,13.606783,omangete,-17.500971,13.38364,
90,okau,-17.3923,13.606783,epupa,-17.0021667,13.2441667,280
90,okau,-17.3923,13.606783,opuwo,-18.0539167,13.8326389,157
90,okau,-17.3923,13.606783,orotumba,-17.3417778,13.7805833,86
90,okau,-17.3923,13.606783,otjinungua,-17.264,12.4427222,
90,okau,-17.3923,13.606783,okanguati,-17.43125,13.2724,262
90,okau,-17.3923,13.606783,otjimuhaka,-17.3293611,13.8339722,86
90,okau,-17.3923,13.606783,ongokua,-16.656,13.423,
90,okau,-17.3923,13.606783,ehomba,-17.4963889,13.8186389,116
90,okau,-17.3923,13.606783,ruacana,-17.434674,14.386568,
90,okau,-17.3923,13.606783,omangete,-17.500971,13.38364,245
91,okau,-17.3923,13.606783,epupa,-17.0021667,13.2441667,
91,okau,-17.3923,13.606783,opuwo,-18.0539167,13.8326389,
91,okau,-17.3923,13.606783,orotumba,-17.3417778,13.7805833,
91,okau,-17.3923,13.606783,otjinungua,-17.264,12.4427222,
91,okau,-17.3923,13.606783,okanguati,-17.43125,13.2724,261
91,okau,-17.3923,13.606783,otjimuhaka,-17.3293611,13.8339722,
91,okau,-17.3923,13.606783,ongokua,-16.656,13.423,341
91,okau,-17.3923,13.606783,ehomba,-17.4963889,13.8186389,
91,okau,-17.3923,13.606783,ruacana,-17.434674,14.386568,
91,okau,-17.3923,13.606783,omangete,-17.500971,13.38364,
92,okau,-17.3923,13.606783,epupa,-17.0021667,13.2441667,
92,okau,-17.3923,13.606783,opuwo,-18.0539167,13.8326389,
92,okau,-17.3923,13.606783,orotumba,-17.3417778,13.7805833,
92,okau,-17.3923,13.606783,otjinungua,-17.264,12.4427222,
92,okau,-17.3923,13.606783,okanguati,-17.43125,13.2724,267
92,okau,-17.3923,13.606783,otjimuhaka,-17.3293611,13.8339722,
92,okau,-17.3923,13.606783,ongokua,-16.656,13.423,335
92,okau,-17.3923,13.606783,ehomba,-17.4963889,13.8186389,
92,okau,-17.3923,13.606783,ruacana,-17.434674,14.386568,
92,okau,-17.3923,13.606783,omangete,-17.500971,13.38364,
93,okau,-17.3923,13.606783,epupa,-17.0021667,13.2441667,
93,okau,-17.3923,13.606783,opuwo,-18.0539167,13.8326389,168
93,okau,-17.3923,13.606783,orotumba,-17.3417778,13.7805833,95
93,okau,-17.3923,13.606783,otjinungua,-17.264,12.4427222,
93,okau,-17.3923,13.606783,okanguati,-17.43125,13.2724,
93,okau,-17.3923,13.606783,otjimuhaka,-17.3293611,13.8339722,95
93,okau,-17.3923,13.606783,ongokua,-16.656,13.423,
93,okau,-17.3923,13.606783,ehomba,-17.4963889,13.8186389,
93,okau,-17.3923,13.606783,ruacana,-17.434674,14.386568,
93,okau,-17.3923,13.606783,omangete,-17.500971,13.38364,
94,okau,-17.3923,13.606783,epupa,-17.0021667,13.2441667,
94,okau,-17.3923,13.606783,opuwo,-18.0539167,13.8326389,131
94,okau,-17.3923,13.606783,orotumba,-17.3417778,13.7805833,92
94,okau,-17.3923,13.606783,otjinungua,-17.264,12.4427222,
94,okau,-17.3923,13.606783,okanguati,-17.43125,13.2724,
94,okau,-17.3923,13.606783,otjimuhaka,-17.3293611,13.8339722,76
94,okau,-17.3923,13.606783,ongokua,-16.656,13.423,
94,okau,-17.3923,13.606783,ehomba,-17.4963889,13.8186389,
94,okau,-17.3923,13.606783,ruacana,-17.434674,14.386568,
94,okau,-17.3923,13.606783,omangete,-17.500971,13.38364,
95,okau,-17.3923,13.606783,epupa,-17.0021667,13.2441667,284
95,okau,-17.3923,13.606783,opuwo,-18.0539167,13.8326389,160
95,okau,-17.3923,13.606783,orotumba,-17.3417778,13.7805833,74
95,okau,-17.3923,13.606783,otjinungua,-17.264,12.4427222,
95,okau,-17.3923,13.606783,okanguati,-17.43125,13.2724,254
95,okau,-17.3923,13.606783,otjimuhaka,-17.3293611,13.8339722,65
95,okau,-17.3923,13.606783,ongokua,-16.656,13.423,328
95,okau,-17.3923,13.606783,ehomba,-17.4963889,13.8186389,126
95,okau,-17.3923,13.606783,ruacana,-17.434674,14.386568,
95,okau,-17.3923,13.606783,omangete,-17.500971,13.38364,238
96,okau,-17.3923,13.606783,epupa,-17.0021667,13.2441667,309
96,okau,-17.3923,13.606783,opuwo,-18.0539167,13.8326389,184
96,okau,-17.3923,13.606783,orotumba,-17.3417778,13.7805833,83
96,okau,-17.3923,13.606783,otjinungua,-17.264,12.4427222,
96,okau,-17.3923,13.606783,okanguati,-17.43125,13.2724,269
96,okau,-17.3923,13.606783,otjimuhaka,-17.3293611,13.8339722,80
96,okau,-17.3923,13.606783,ongokua,-16.656,13.423,
96,okau,-17.3923,13.606783,ehomba,-17.4963889,13.8186389,114
96,okau,-17.3923,13.606783,ruacana,-17.434674,14.386568,
96,okau,-17.3923,13.606783,omangete,-17.500971,13.38364,218
97,okau,-17.3923,13.606783,epupa,-17.0021667,13.2441667,309
97,okau,-17.3923,13.606783,opuwo,-18.0539167,13.8326389,178
97,okau,-17.3923,13.606783,orotumba,-17.3417778,13.7805833,71
97,okau,-17.3923,13.606783,otjinungua,-17.264,12.4427222,
97,okau,-17.3923,13.606783,okanguati,-17.43125,13.2724,264
97,okau,-17.3923,13.606783,otjimuhaka,-17.3293611,13.8339722,114
97,okau,-17.3923,13.606783,ongokua,-16.656,13.423,
97,okau,-17.3923,13.606783,ehomba,-17.4963889,13.8186389,114
97,okau,-17.3923,13.606783,ruacana,-17.434674,14.386568,
97,okau,-17.3923,13.606783,omangete,-17.500971,13.38364,235
98,okau,-17.3923,13.606783,epupa,-17.0021667,13.2441667,335
98,okau,-17.3923,13.606783,opuwo,-18.0539167,13.8326389,188
98,okau,-17.3923,13.606783,orotumba,-17.3417778,13.7805833,88
98,okau,-17.3923,13.606783,otjinungua,-17.264,12.4427222,
98,okau,-17.3923,13.606783,okanguati,-17.43125,13.2724,257
98,okau,-17.3923,13.606783,otjimuhaka,-17.3293611,13.8339722,99
98,okau,-17.3923,13.606783,ongokua,-16.656,13.423,
98,okau,-17.3923,13.606783,ehomba,-17.4963889,13.8186389,
98,okau,-17.3923,13.606783,ruacana,-17.434674,14.386568,
98,okau,-17.3923,13.606783,omangete,-17.500971,13.38364,209
99,otjomia,-17.409635,13.483382,epupa,-17.0021667,13.2441667,9
99,otjomia,-17.409635,13.483382,opuwo,-18.0539167,13.8326389,175
99,otjomia,-17.409635,13.483382,orotumba,-17.3417778,13.7805833,102
99,otjomia,-17.409635,13.483382,otjinungua,-17.264,12.4427222,
99,otjomia,-17.409635,13.483382,okanguati,-17.43125,13.2724,290
99,otjomia,-17.409635,13.483382,otjimuhaka,-17.3293611,13.8339722,77
99,otjomia,-17.409635,13.483382,ongokua,-16.656,13.423,21
99,otjomia,-17.409635,13.483382,ehomba,-17.4963889,13.8186389,120
99,otjomia,-17.409635,13.483382,ruacana,-17.434674,14.386568,
99,otjomia,-17.409635,13.483382,omangete,-17.500971,13.38364,
100,otjomia,-17.409635,13.483382,epupa,-17.0021667,13.2441667,
100,otjomia,-17.409635,13.483382,opuwo,-18.0539167,13.8326389,
100,otjomia,-17.409635,13.483382,orotumba,-17.3417778,13.7805833,92
100,otjomia,-17.409635,13.483382,otjinungua,-17.264,12.4427222,
100,otjomia,-17.409635,13.483382,okanguati,-17.43125,13.2724,264
100,otjomia,-17.409635,13.483382,otjimuhaka,-17.3293611,13.8339722,
100,otjomia,-17.409635,13.483382,ongokua,-16.656,13.423,
100,otjomia,-17.409635,13.483382,ehomba,-17.4963889,13.8186389,138
100,otjomia,-17.409635,13.483382,ruacana,-17.434674,14.386568,
100,otjomia,-17.409635,13.483382,omangete,-17.500971,13.38364,
101,otjomia,-17.409635,13.483382,epupa,-17.0021667,13.2441667,314
101,otjomia,-17.409635,13.483382,opuwo,-18.0539167,13.8326389,176
101,otjomia,-17.409635,13.483382,orotumba,-17.3417778,13.7805833,
101,otjomia,-17.409635,13.483382,otjinungua,-17.264,12.4427222,
101,otjomia,-17.409635,13.483382,okanguati,-17.43125,13.2724,273
101,otjomia,-17.409635,13.483382,otjimuhaka,-17.3293611,13.8339722,
101,otjomia,-17.409635,13.483382,ongokua,-16.656,13.423,
101,otjomia,-17.409635,13.483382,ehomba,-17.4963889,13.8186389,
101,otjomia,-17.409635,13.483382,ruacana,-17.434674,14.386568,
101,otjomia,-17.409635,13.483382,omangete,-17.500971,13.38364,229
102,otjomia,-17.409635,13.483382,epupa,-17.0021667,13.2441667,355
102,otjomia,-17.409635,13.483382,opuwo,-18.0539167,13.8326389,122
102,otjomia,-17.409635,13.483382,orotumba,-17.3417778,13.7805833,94
102,otjomia,-17.409635,13.483382,otjinungua,-17.264,12.4427222,231
102,otjomia,-17.409635,13.483382,okanguati,-17.43125,13.2724,234
102,otjomia,-17.409635,13.483382,otjimuhaka,-17.3293611,13.8339722,86
102,otjomia,-17.409635,13.483382,ongokua,-16.656,13.423,60
102,otjomia,-17.409635,13.483382,ehomba,-17.4963889,13.8186389,85
102,otjomia,-17.409635,13.483382,ruacana,-17.434674,14.386568,82
102,otjomia,-17.409635,13.483382,omangete,-17.500971,13.38364,194
103,otjomia,-17.409635,13.483382,epupa,-17.0021667,13.2441667,305
103,otjomia,-17.409635,13.483382,opuwo,-18.0539167,13.8326389,194
103,otjomia,-17.409635,13.483382,orotumba,-17.3417778,13.7805833,
103,otjomia,-17.409635,13.483382,otjinungua,-17.264,12.4427222,
103,otjomia,-17.409635,13.483382,okanguati,-17.43125,13.2724,269
103,otjomia,-17.409635,13.483382,otjimuhaka,-17.3293611,13.8339722,
103,otjomia,-17.409635,13.483382,ongokua,-16.656,13.423,
103,otjomia,-17.409635,13.483382,ehomba,-17.4963889,13.8186389,
103,otjomia,-17.409635,13.483382,ruacana,-17.434674,14.386568,
103,otjomia,-17.409635,13.483382,omangete,-17.500971,13.38364,234
104,otjomia,-17.409635,13.483382,epupa,-17.0021667,13.2441667,347
104,otjomia,-17.409635,13.483382,opuwo,-18.0539167,13.8326389,170
104,otjomia,-17.409635,13.483382,orotumba,-17.3417778,13.7805833,
104,otjomia,-17.409635,13.483382,otjinungua,-17.264,12.4427222,
104,otjomia,-17.409635,13.483382,okanguati,-17.43125,13.2724,280
104,otjomia,-17.409635,13.483382,otjimuhaka,-17.3293611,13.8339722,
104,otjomia,-17.409635,13.483382,ongokua,-16.656,13.423,354
104,otjomia,-17.409635,13.483382,ehomba,-17.4963889,13.8186389,
104,otjomia,-17.409635,13.483382,ruacana,-17.434674,14.386568,
104,otjomia,-17.409635,13.483382,omangete,-17.500971,13.38364,
105,otjomia,-17.409635,13.483382,epupa,-17.0021667,13.2441667,312
105,otjomia,-17.409635,13.483382,opuwo,-18.0539167,13.8326389,152
105,otjomia,-17.409635,13.483382,orotumba,-17.3417778,13.7805833,106
105,otjomia,-17.409635,13.483382,otjinungua,-17.264,12.4427222,
105,otjomia,-17.409635,13.483382,okanguati,-17.43125,13.2724,252
105,otjomia,-17.409635,13.483382,otjimuhaka,-17.3293611,13.8339722,98
105,otjomia,-17.409635,13.483382,ongokua,-16.656,13.423,345
105,otjomia,-17.409635,13.483382,ehomba,-17.4963889,13.8186389,140
105,otjomia,-17.409635,13.483382,ruacana,-17.434674,14.386568,
105,otjomia,-17.409635,13.483382,omangete,-17.500971,13.38364,232
106,otjomia,-17.409635,13.483382,epupa,-17.0021667,13.2441667,304
106,otjomia,-17.409635,13.483382,opuwo,-18.0539167,13.8326389,184
106,otjomia,-17.409635,13.483382,orotumba,-17.3417778,13.7805833,118
106,otjomia,-17.409635,13.483382,otjinungua,-17.264,12.4427222,
106,otjomia,-17.409635,13.483382,okanguati,-17.43125,13.2724,257
106,otjomia,-17.409635,13.483382,otjimuhaka,-17.3293611,13.8339722,
106,otjomia,-17.409635,13.483382,ongokua,-16.656,13.423,349
106,otjomia,-17.409635,13.483382,ehomba,-17.4963889,13.8186389,
106,otjomia,-17.409635,13.483382,ruacana,-17.434674,14.386568,
106,otjomia,-17.409635,13.483382,omangete,-17.500971,13.38364,234
107,otjomia,-17.409635,13.483382,epupa,-17.0021667,13.2441667,282
107,otjomia,-17.409635,13.483382,opuwo,-18.0539167,13.8326389,172
107,otjomia,-17.409635,13.483382,orotumba,-17.3417778,13.7805833,83
107,otjomia,-17.409635,13.483382,otjinungua,-17.264,12.4427222,
107,otjomia,-17.409635,13.483382,okanguati,-17.43125,13.2724,269
107,otjomia,-17.409635,13.483382,otjimuhaka,-17.3293611,13.8339722,89
107,otjomia,-17.409635,13.483382,ongokua,-16.656,13.423,18
107,otjomia,-17.409635,13.483382,ehomba,-17.4963889,13.8186389,103
107,otjomia,-17.409635,13.483382,ruacana,-17.434674,14.386568,86
107,otjomia,-17.409635,13.483382,omangete,-17.500971,13.38364,238
108,otjomia,-17.409635,13.483382,epupa,-17.0021667,13.2441667,
108,otjomia,-17.409635,13.483382,opuwo,-18.0539167,13.8326389,182
108,otjomia,-17.409635,13.483382,orotumba,-17.3417778,13.7805833,
108,otjomia,-17.409635,13.483382,otjinungua,-17.264,12.4427222,
108,otjomia,-17.409635,13.483382,okanguati,-17.43125,13.2724,275
108,otjomia,-17.409635,13.483382,otjimuhaka,-17.3293611,13.8339722,
108,otjomia,-17.409635,13.483382,ongokua,-16.656,13.423,
108,otjomia,-17.409635,13.483382,ehomba,-17.4963889,13.8186389,
108,otjomia,-17.409635,13.483382,ruacana,-17.434674,14.386568,
108,otjomia,-17.409635,13.483382,omangete,-17.500971,13.38364,249
109,otjomia,-17.409635,13.483382,epupa,-17.0021667,13.2441667,
109,otjomia,-17.409635,13.483382,opuwo,-18.0539167,13.8326389,150
109,otjomia,-17.409635,13.483382,orotumba,-17.3417778,13.7805833,
109,otjomia,-17.409635,13.483382,otjinungua,-17.264,12.4427222,
109,otjomia,-17.409635,13.483382,okanguati,-17.43125,13.2724,270
109,otjomia,-17.409635,13.483382,otjimuhaka,-17.3293611,13.8339722,
109,otjomia,-17.409635,13.483382,ongokua,-16.656,13.423,
109,otjomia,-17.409635,13.483382,ehomba,-17.4963889,13.8186389,
109,otjomia,-17.409635,13.483382,ruacana,-17.434674,14.386568,
109,otjomia,-17.409635,13.483382,omangete,-17.500971,13.38364,189
110,otjomia,-17.409635,13.483382,epupa,-17.0021667,13.2441667,310
110,otjomia,-17.409635,13.483382,opuwo,-18.0539167,13.8326389,176
110,otjomia,-17.409635,13.483382,orotumba,-17.3417778,13.7805833,
110,otjomia,-17.409635,13.483382,otjinungua,-17.264,12.4427222,
110,otjomia,-17.409635,13.483382,okanguati,-17.43125,13.2724,265
110,otjomia,-17.409635,13.483382,otjimuhaka,-17.3293611,13.8339722,
110,otjomia,-17.409635,13.483382,ongokua,-16.656,13.423,4
110,otjomia,-17.409635,13.483382,ehomba,-17.4963889,13.8186389,
110,otjomia,-17.409635,13.483382,ruacana,-17.434674,14.386568,
110,otjomia,-17.409635,13.483382,omangete,-17.500971,13.38364,221
111,otjomia,-17.409635,13.483382,epupa,-17.0021667,13.2441667,0
111,otjomia,-17.409635,13.483382,opuwo,-18.0539167,13.8326389,239
111,otjomia,-17.409635,13.483382,orotumba,-17.3417778,13.7805833,66
111,otjomia,-17.409635,13.483382,otjinungua,-17.264,12.4427222,315
111,otjomia,-17.409635,13.483382,okanguati,-17.43125,13.2724,292
111,otjomia,-17.409635,13.483382,otjimuhaka,-17.3293611,13.8339722,63.5
111,otjomia,-17.409635,13.483382,ongokua,-16.656,13.423,
111,otjomia,-17.409635,13.483382,ehomba,-17.4963889,13.8186389,87
111,otjomia,-17.409635,13.483382,ruacana,-17.434674,14.386568,
111,otjomia,-17.409635,13.483382,omangete,-17.500971,13.38364,271
113,otjomia,-17.409635,13.483382,epupa,-17.0021667,13.2441667,328
113,otjomia,-17.409635,13.483382,opuwo,-18.0539167,13.8326389,170
113,otjomia,-17.409635,13.483382,orotumba,-17.3417778,13.7805833,85
113,otjomia,-17.409635,13.483382,otjinungua,-17.264,12.4427222,
113,otjomia,-17.409635,13.483382,okanguati,-17.43125,13.2724,273.5
113,otjomia,-17.409635,13.483382,otjimuhaka,-17.3293611,13.8339722,90
113,otjomia,-17.409635,13.483382,ongokua,-16.656,13.423,
113,otjomia,-17.409635,13.483382,ehomba,-17.4963889,13.8186389,115
113,otjomia,-17.409635,13.483382,ruacana,-17.434674,14.386568,105
113,otjomia,-17.409635,13.483382,omangete,-17.500971,13.38364,250
114,otjomia,-17.409635,13.483382,epupa,-17.0021667,13.2441667,
114,otjomia,-17.409635,13.483382,opuwo,-18.0539167,13.8326389,175
114,otjomia,-17.409635,13.483382,orotumba,-17.3417778,13.7805833,96
114,otjomia,-17.409635,13.483382,otjinungua,-17.264,12.4427222,
114,otjomia,-17.409635,13.483382,okanguati,-17.43125,13.2724,103
114,otjomia,-17.409635,13.483382,otjimuhaka,-17.3293611,13.8339722,100
114,otjomia,-17.409635,13.483382,ongokua,-16.656,13.423,
114,otjomia,-17.409635,13.483382,ehomba,-17.4963889,13.8186389,106
114,otjomia,-17.409635,13.483382,ruacana,-17.434674,14.386568,105
114,otjomia,-17.409635,13.483382,omangete,-17.500971,13.38364,
115,otjomia,-17.409635,13.483382,epupa,-17.0021667,13.2441667,356.5
115,otjomia,-17.409635,13.483382,opuwo,-18.0539167,13.8326389,153
115,otjomia,-17.409635,13.483382,orotumba,-17.3417778,13.7805833,98
115,otjomia,-17.409635,13.483382,otjinungua,-17.264,12.4427222,
115,otjomia,-17.409635,13.483382,okanguati,-17.43125,13.2724,290
115,otjomia,-17.409635,13.483382,otjimuhaka,-17.3293611,13.8339722,81
115,otjomia,-17.409635,13.483382,ongokua,-16.656,13.423,
115,otjomia,-17.409635,13.483382,ehomba,-17.4963889,13.8186389,115
115,otjomia,-17.409635,13.483382,ruacana,-17.434674,14.386568,
115,otjomia,-17.409635,13.483382,omangete,-17.500971,13.38364,165
116,otjitanga,-17.425283,13.43486,epupa,-17.0021667,13.2441667,346.5
116,otjitanga,-17.425283,13.43486,opuwo,-18.0539167,13.8326389,169
116,otjitanga,-17.425283,13.43486,orotumba,-17.3417778,13.7805833,
116,otjitanga,-17.425283,13.43486,otjinungua,-17.264,12.4427222,
116,otjitanga,-17.425283,13.43486,okanguati,-17.43125,13.2724,289.5
116,otjitanga,-17.425283,13.43486,otjimuhaka,-17.3293611,13.8339722,
116,otjitanga,-17.425283,13.43486,ongokua,-16.656,13.423,
116,otjitanga,-17.425283,13.43486,ehomba,-17.4963889,13.8186389,
116,otjitanga,-17.425283,13.43486,ruacana,-17.434674,14.386568,
116,otjitanga,-17.425283,13.43486,omangete,-17.500971,13.38364,206
117,otjitanga,-17.425283,13.43486,epupa,-17.0021667,13.2441667,
117,otjitanga,-17.425283,13.43486,opuwo,-18.0539167,13.8326389,
117,otjitanga,-17.425283,13.43486,orotumba,-17.3417778,13.7805833,
117,otjitanga,-17.425283,13.43486,otjinungua,-17.264,12.4427222,
117,otjitanga,-17.425283,13.43486,okanguati,-17.43125,13.2724,287
117,otjitanga,-17.425283,13.43486,otjimuhaka,-17.3293611,13.8339722,
117,otjitanga,-17.425283,13.43486,ongokua,-16.656,13.423,
117,otjitanga,-17.425283,13.43486,ehomba,-17.4963889,13.8186389,
117,otjitanga,-17.425283,13.43486,ruacana,-17.434674,14.386568,
117,otjitanga,-17.425283,13.43486,omangete,-17.500971,13.38364,215.5
118,otjitanga,-17.425283,13.43486,epupa,-17.0021667,13.2441667,
118,otjitanga,-17.425283,13.43486,opuwo,-18.0539167,13.8326389,159
118,otjitanga,-17.425283,13.43486,orotumba,-17.3417778,13.7805833,
118,otjitanga,-17.425283,13.43486,otjinungua,-17.264,12.4427222,
118,otjitanga,-17.425283,13.43486,okanguati,-17.43125,13.2724,285
118,otjitanga,-17.425283,13.43486,otjimuhaka,-17.3293611,13.8339722,
118,otjitanga,-17.425283,13.43486,ongokua,-16.656,13.423,
118,otjitanga,-17.425283,13.43486,ehomba,-17.4963889,13.8186389,
118,otjitanga,-17.425283,13.43486,ruacana,-17.434674,14.386568,
118,otjitanga,-17.425283,13.43486,omangete,-17.500971,13.38364,193
119,otjitanga,-17.425283,13.43486,epupa,-17.0021667,13.2441667,325.5
119,otjitanga,-17.425283,13.43486,opuwo,-18.0539167,13.8326389,176
119,otjitanga,-17.425283,13.43486,orotumba,-17.3417778,13.7805833,83
119,otjitanga,-17.425283,13.43486,otjinungua,-17.264,12.4427222,
119,otjitanga,-17.425283,13.43486,okanguati,-17.43125,13.2724,265
119,otjitanga,-17.425283,13.43486,otjimuhaka,-17.3293611,13.8339722,85
119,otjitanga,-17.425283,13.43486,ongokua,-16.656,13.423,9
119,otjitanga,-17.425283,13.43486,ehomba,-17.4963889,13.8186389,98
119,otjitanga,-17.425283,13.43486,ruacana,-17.434674,14.386568,107
119,otjitanga,-17.425283,13.43486,omangete,-17.500971,13.38364,232.5
120,otjomia,-17.409635,13.483382,epupa,-17.0021667,13.2441667,324
120,otjomia,-17.409635,13.483382,opuwo,-18.0539167,13.8326389,165
120,otjomia,-17.409635,13.483382,orotumba,-17.3417778,13.7805833,72
120,otjomia,-17.409635,13.483382,otjinungua,-17.264,12.4427222,
120,otjomia,-17.409635,13.483382,okanguati,-17.43125,13.2724,260
120,otjomia,-17.409635,13.483382,otjimuhaka,-17.3293611,13.8339722,72
120,otjomia,-17.409635,13.483382,ongokua,-16.656,13.423,332
120,otjomia,-17.409635,13.483382,ehomba,-17.4963889,13.8186389,106
120,otjomia,-17.409635,13.483382,ruacana,-17.434674,14.386568,86
120,otjomia,-17.409635,13.483382,omangete,-17.500971,13.38364,194
121,ondarere,-17.418725,13.442026,epupa,-17.0021667,13.2441667,
121,ondarere,-17.418725,13.442026,opuwo,-18.0539167,13.8326389,
121,ondarere,-17.418725,13.442026,orotumba,-17.3417778,13.7805833,
121,ondarere,-17.418725,13.442026,otjinungua,-17.264,12.4427222,
121,ondarere,-17.418725,13.442026,okanguati,-17.43125,13.2724,283
121,ondarere,-17.418725,13.442026,otjimuhaka,-17.3293611,13.8339722,
121,ondarere,-17.418725,13.442026,ongokua,-16.656,13.423,
121,ondarere,-17.418725,13.442026,ehomba,-17.4963889,13.8186389,
121,ondarere,-17.418725,13.442026,ruacana,-17.434674,14.386568,
121,ondarere,-17.418725,13.442026,omangete,-17.500971,13.38364,216
122,ondarere,-17.418725,13.442026,epupa,-17.0021667,13.2441667,311
122,ondarere,-17.418725,13.442026,opuwo,-18.0539167,13.8326389,208
122,ondarere,-17.418725,13.442026,orotumba,-17.3417778,13.7805833,
122,ondarere,-17.418725,13.442026,otjinungua,-17.264,12.4427222,
122,ondarere,-17.418725,13.442026,okanguati,-17.43125,13.2724,273
122,ondarere,-17.418725,13.442026,otjimuhaka,-17.3293611,13.8339722,
122,ondarere,-17.418725,13.442026,ongokua,-16.656,13.423,
122,ondarere,-17.418725,13.442026,ehomba,-17.4963889,13.8186389,
122,ondarere,-17.418725,13.442026,ruacana,-17.434674,14.386568,
122,ondarere,-17.418725,13.442026,omangete,-17.500971,13.38364,227
123,ondarere,-17.418725,13.442026,epupa,-17.0021667,13.2441667,304.5
123,ondarere,-17.418725,13.442026,opuwo,-18.0539167,13.8326389,173
123,ondarere,-17.418725,13.442026,orotumba,-17.3417778,13.7805833,
123,ondarere,-17.418725,13.442026,otjinungua,-17.264,12.4427222,
123,ondarere,-17.418725,13.442026,okanguati,-17.43125,13.2724,260
123,ondarere,-17.418725,13.442026,otjimuhaka,-17.3293611,13.8339722,
123,ondarere,-17.418725,13.442026,ongokua,-16.656,13.423,
123,ondarere,-17.418725,13.442026,ehomba,-17.4963889,13.8186389,
123,ondarere,-17.418725,13.442026,ruacana,-17.434674,14.386568,
123,ondarere,-17.418725,13.442026,omangete,-17.500971,13.38364,215
124,ondarere,-17.418725,13.442026,epupa,-17.0021667,13.2441667,314
124,ondarere,-17.418725,13.442026,opuwo,-18.0539167,13.8326389,194
124,ondarere,-17.418725,13.442026,orotumba,-17.3417778,13.7805833,
124,ondarere,-17.418725,13.442026,otjinungua,-17.264,12.4427222,
124,ondarere,-17.418725,13.442026,okanguati,-17.43125,13.2724,261
124,ondarere,-17.418725,13.442026,otjimuhaka,-17.3293611,13.8339722,
124,ondarere,-17.418725,13.442026,ongokua,-16.656,13.423,
124,ondarere,-17.418725,13.442026,ehomba,-17.4963889,13.8186389,
124,ondarere,-17.418725,13.442026,ruacana,-17.434674,14.386568,
124,ondarere,-17.418725,13.442026,omangete,-17.500971,13.38364,205
125,ondarere,-17.418725,13.442026,epupa,-17.0021667,13.2441667,304
125,ondarere,-17.418725,13.442026,opuwo,-18.0539167,13.8326389,185
125,ondarere,-17.418725,13.442026,orotumba,-17.3417778,13.7805833,
125,ondarere,-17.418725,13.442026,otjinungua,-17.264,12.4427222,
125,ondarere,-17.418725,13.442026,okanguati,-17.43125,13.2724,261
125,ondarere,-17.418725,13.442026,otjimuhaka,-17.3293611,13.8339722,
125,ondarere,-17.418725,13.442026,ongokua,-16.656,13.423,
125,ondarere,-17.418725,13.442026,ehomba,-17.4963889,13.8186389,140
125,ondarere,-17.418725,13.442026,ruacana,-17.434674,14.386568,
125,ondarere,-17.418725,13.442026,omangete,-17.500971,13.38364,195
126,ondarere,-17.418725,13.442026,epupa,-17.0021667,13.2441667,286
126,ondarere,-17.418725,13.442026,opuwo,-18.0539167,13.8326389,25
126,ondarere,-17.418725,13.442026,orotumba,-17.3417778,13.7805833,
126,ondarere,-17.418725,13.442026,otjinungua,-17.264,12.4427222,
126,ondarere,-17.418725,13.442026,okanguati,-17.43125,13.2724,258
126,ondarere,-17.418725,13.442026,otjimuhaka,-17.3293611,13.8339722,
126,ondarere,-17.418725,13.442026,ongokua,-16.656,13.423,
126,ondarere,-17.418725,13.442026,ehomba,-17.4963889,13.8186389,
126,ondarere,-17.418725,13.442026,ruacana,-17.434674,14.386568,
126,ondarere,-17.418725,13.442026,omangete,-17.500971,13.38364,226
127,ondarere,-17.418725,13.442026,epupa,-17.0021667,13.2441667,
127,ondarere,-17.418725,13.442026,opuwo,-18.0539167,13.8326389,194
127,ondarere,-17.418725,13.442026,orotumba,-17.3417778,13.7805833,
127,ondarere,-17.418725,13.442026,otjinungua,-17.264,12.4427222,
127,ondarere,-17.418725,13.442026,okanguati,-17.43125,13.2724,257
127,ondarere,-17.418725,13.442026,otjimuhaka,-17.3293611,13.8339722,
127,ondarere,-17.418725,13.442026,ongokua,-16.656,13.423,
127,ondarere,-17.418725,13.442026,ehomba,-17.4963889,13.8186389,
127,ondarere,-17.418725,13.442026,ruacana,-17.434674,14.386568,
127,ondarere,-17.418725,13.442026,omangete,-17.500971,13.38364,219
128,ondarere,-17.418725,13.442026,epupa,-17.0021667,13.2441667,329
128,ondarere,-17.418725,13.442026,opuwo,-18.0539167,13.8326389,45
128,ondarere,-17.418725,13.442026,orotumba,-17.3417778,13.7805833,92
128,ondarere,-17.418725,13.442026,otjinungua,-17.264,12.4427222,
128,ondarere,-17.418725,13.442026,okanguati,-17.43125,13.2724,274
128,ondarere,-17.418725,13.442026,otjimuhaka,-17.3293611,13.8339722,73
128,ondarere,-17.418725,13.442026,ongokua,-16.656,13.423,357
128,ondarere,-17.418725,13.442026,ehomba,-17.4963889,13.8186389,80
128,ondarere,-17.418725,13.442026,ruacana,-17.434674,14.386568,
128,ondarere,-17.418725,13.442026,omangete,-17.500971,13.38364,208
129,otjomia,-17.409635,13.483382,epupa,-17.0021667,13.2441667,325
129,otjomia,-17.409635,13.483382,opuwo,-18.0539167,13.8326389,110
129,otjomia,-17.409635,13.483382,orotumba,-17.3417778,13.7805833,163
129,otjomia,-17.409635,13.483382,otjinungua,-17.264,12.4427222,
129,otjomia,-17.409635,13.483382,okanguati,-17.43125,13.2724,291
129,otjomia,-17.409635,13.483382,otjimuhaka,-17.3293611,13.8339722,99
129,otjomia,-17.409635,13.483382,ongokua,-16.656,13.423,1
129,otjomia,-17.409635,13.483382,ehomba,-17.4963889,13.8186389,126
129,otjomia,-17.409635,13.483382,ruacana,-17.434674,14.386568,106
129,otjomia,-17.409635,13.483382,omangete,-17.500971,13.38364,194
