Date, Time, Latitude, Longitude, Altitude, Speed, Course, Type, Distance, Essential
5/26/2014, 12:13:35,-17.392157,13.606871,934.71,396,176,-2,0,1
5/26/2014, 12:14:34,-17.392189,13.606895,930,0,0,0,4.38,1
5/26/2014, 12:15:11,-17.392056,13.60677,929.95,1440,326,0,19.87,1
5/26/2014, 12:15:46,-17.391953,13.606784,932.32,0,198,0,11.55,1
5/26/2014, 12:16:20,-17.391989,13.606588,930.7,2700,311,0,21.18,1
5/26/2014, 12:16:54,-17.391649,13.606531,927.5,0,7,0,38.29,1
5/26/2014, 12:17:19,-17.391376,13.606616,930.68,0,33,-1,31.67, 
5/26/2014, 12:17:53,-17.391075,13.606298,900.47,5328,301,0,47.53,1
5/26/2014, 12:18:27,-17.390831,13.605975,938.39,0,290,0,43.71,1
5/26/2014, 12:19:01,-17.390551,13.605647,932.37,0,312,0,46.7, 
5/26/2014, 12:19:35,-17.390263,13.605364,930.43,0,311,0,43.9, 
5/26/2014, 12:19:50,-17.390249,13.605297,933.26,540,120,-1,7.28, 
5/26/2014, 12:20:25,-17.390257,13.605288,936.76,0,0,0,1.31, 
5/26/2014, 12:20:59,-17.390253,13.605314,918.6,0,0,0,2.79, 
5/26/2014, 12:21:33,-17.39028,13.605282,942.46,0,0,0,4.53, 
5/26/2014, 12:22:08,-17.390274,13.605275,945.67,0,0,0,1, 
5/26/2014, 12:22:44,-17.39023,13.605323,940.93,0,0,0,7.06, 
5/26/2014, 12:23:18,-17.39024,13.605294,931.13,1404,12,0,3.27, 
5/26/2014, 12:24:10,-17.390251,13.60518,873.88,72,237,0,12.16, 
5/26/2014, 12:24:45,-17.390251,13.605322,932.61,0,0,0,15.07, 
5/26/2014, 12:25:19,-17.390251,13.605307,926.94,0,0,0,1.59, 
5/26/2014, 12:25:53,-17.390265,13.60533,928.26,0,0,0,2.89, 
5/26/2014, 12:26:27,-17.390276,13.605334,921.36,0,0,0,1.29, 
5/26/2014, 12:27:01,-17.390219,13.605325,928.69,0,0,0,6.41, 
5/26/2014, 12:27:35,-17.39027,13.605344,916.25,0,0,0,6.02, 
5/26/2014, 12:28:09,-17.390247,13.605334,920.2,0,0,0,2.77, 
5/26/2014, 12:28:43,-17.390293,13.605342,921.97,0,0,0,5.18, 
5/26/2014, 12:29:17,-17.390265,13.605325,922.77,0,0,0,3.6, 
5/26/2014, 12:29:51,-17.390251,13.605324,918.18,0,0,0,1.56, 
5/26/2014, 12:30:25,-17.390278,13.605337,923.59,0,0,0,3.3, 
5/26/2014, 12:30:59,-17.390285,13.605324,927.91,0,0,0,1.58, 
5/26/2014, 12:31:33,-17.390295,13.605343,922.18,0,0,0,2.3, 
5/26/2014, 12:32:07,-17.390266,13.60535,919.29,0,0,0,3.31, 
5/26/2014, 12:32:41,-17.390289,13.605339,925.52,0,0,0,2.81, 
5/26/2014, 12:33:15,-17.390322,13.605343,918.76,0,0,0,3.69, 
5/26/2014, 12:33:49,-17.390314,13.605354,911.99,0,0,0,1.47, 
5/26/2014, 12:34:23,-17.390318,13.605337,915.59,0,0,0,1.86, 
5/26/2014, 12:34:57,-17.390266,13.60533,920.77,0,0,0,5.83, 
5/26/2014, 12:35:31,-17.390324,13.605345,915.67,216,302,0,6.64, 
5/26/2014, 12:36:05,-17.390287,13.605339,916.69,0,0,0,4.16, 
5/26/2014, 12:36:41,-17.390331,13.605344,917.92,252,16,0,4.92,1
5/26/2014, 12:37:15,-17.390263,13.60533,928.74,0,0,0,7.71,1
5/26/2014, 12:37:49,-17.390217,13.605286,937.4,432,355,0,6.93, 
5/26/2014, 12:38:23,-17.390295,13.605333,923.59,0,0,0,10, 
5/26/2014, 12:38:57,-17.390253,13.605316,931.18,0,0,0,5.01, 
5/26/2014, 12:39:31,-17.390287,13.605335,921.42,0,0,0,4.28, 
5/26/2014, 12:40:05,-17.390278,13.60534,915.17,0,0,0,1.13, 
5/26/2014, 12:40:39,-17.390287,13.605339,914.39,0,0,0,1.01, 
5/26/2014, 12:41:13,-17.390284,13.605343,920.04,0,0,0,0.54, 
5/26/2014, 12:41:47,-17.390236,13.605307,937.31,0,0,0,6.56, 
5/26/2014, 12:42:21,-17.390316,13.605315,921.17,0,0,0,8.94, 
5/26/2014, 12:42:55,-17.390284,13.605319,920.72,0,0,0,3.58, 
5/26/2014, 12:43:29,-17.390285,13.605319,923.39,0,0,0,0.11, 
5/26/2014, 12:44:03,-17.390295,13.605321,919.17,0,0,0,1.13, 
5/26/2014, 12:44:37,-17.390308,13.605335,912.39,0,0,0,2.07, 
5/26/2014, 12:45:11,-17.390238,13.60532,929.78,0,0,0,7.94, 
5/26/2014, 12:45:45,-17.390282,13.605329,926.55,0,0,0,4.98, 
5/26/2014, 12:46:19,-17.390293,13.605328,921.24,0,0,0,1.23, 
5/26/2014, 12:46:53,-17.390259,13.60536,953.79,0,0,0,5.08, 
5/26/2014, 12:47:32,-17.390213,13.605458,993.98,72,105,0,11.59, 
5/26/2014, 12:48:20,-17.390232,13.605399,933.13,1656,67,0,6.61, 
5/26/2014, 12:48:56,-17.390259,13.605358,941.97,72,45,0,5.29, 
5/26/2014, 12:49:32,-17.390265,13.605426,937.68,324,2,0,7.25, 
5/26/2014, 12:50:08,-17.390249,13.605387,948.25,288,293,0,4.5, 
5/26/2014, 12:50:43,-17.39027,13.605345,932.39,0,0,0,5.03, 
5/26/2014, 12:51:19,-17.390266,13.605327,936.22,684,294,0,1.96, 
5/26/2014, 12:51:54,-17.390373,13.605393,897.53,0,97,0,13.81, 
5/26/2014, 12:52:28,-17.390257,13.605342,929.49,0,0,0,13.99, 
5/26/2014, 12:53:02,-17.390228,13.605332,940,0,0,0,3.39, 
5/26/2014, 12:53:40,-17.390181,13.605347,950.19,288,0,0,5.46, 
5/26/2014, 12:54:21,-17.390112,13.605339,981.29,252,88,0,7.72, 
5/26/2014, 12:54:59,-17.390188,13.605344,939.36,432,0,0,8.47, 
5/26/2014, 12:55:38,-17.390116,13.605404,986.1,0,234,0,10.23, 
5/26/2014, 12:56:12,-17.390179,13.605301,950.33,0,0,0,12.98, 
5/26/2014, 12:56:46,-17.390263,13.60524,901.15,0,0,0,11.36, 
5/26/2014, 12:57:24,-17.390121,13.605327,988.4,0,285,0,18.29, 
5/26/2014, 12:58:07,-17.390259,13.605294,916.2,648,0,0,15.74, 
5/26/2014, 12:58:42,-17.390251,13.605293,930.19,0,0,0,0.9, 
5/26/2014, 12:59:16,-17.39023,13.605325,950.05,0,0,0,4.12, 
5/26/2014, 12:59:50,-17.390207,13.605327,946.38,0,0,0,2.57, 
5/26/2014, 13:00:24,-17.390245,13.60529,938.28,0,0,0,5.77, 
5/26/2014, 13:01:02,-17.39027,13.605293,940.03,468,184,0,2.8, 
5/26/2014, 13:01:40,-17.390261,13.605312,935.72,0,348,0,2.25, 
5/26/2014, 13:02:14,-17.390244,13.60537,953.4,0,0,0,6.44, 
5/26/2014, 13:02:49,-17.39028,13.605341,933.2,396,26,0,5.05, 
5/26/2014, 13:03:26,-17.390221,13.605336,952.03,108,273,0,6.58, 
5/26/2014, 13:04:03,-17.390219,13.605346,946.55,432,300,0,1.08, 
5/26/2014, 13:04:37,-17.390245,13.605351,944.11,0,0,0,2.94, 
5/26/2014, 13:05:11,-17.390255,13.60533,953.53,0,0,0,2.49, 
5/26/2014, 13:05:47,-17.390289,13.605306,938.63,288,150,0,4.56, 
5/26/2014, 13:06:26,-17.390299,13.605308,932.76,468,0,0,1.13, 
5/26/2014, 13:07:01,-17.390263,13.605334,945.38,576,356,0,4.86, 
5/26/2014, 13:07:38,-17.390223,13.605341,948.01,0,0,0,4.51, 
5/26/2014, 13:08:16,-17.390232,13.605333,949.85,144,0,0,1.31, 
5/26/2014, 13:08:51,-17.390224,13.605323,935.47,288,171,0,1.38, 
5/26/2014, 13:09:25,-17.390217,13.605325,943.67,0,0,0,0.81, 
5/26/2014, 13:09:59,-17.390263,13.605324,956.1,0,0,0,5.12, 
5/26/2014, 13:10:34,-17.390224,13.60532,948.22,360,0,0,4.36, 
5/26/2014, 13:11:12,-17.39032,13.605273,934.26,0,214,0,11.78, 
5/26/2014, 13:11:46,-17.390291,13.605274,959.26,0,0,0,3.23, 
5/26/2014, 13:12:20,-17.390398,13.605361,932.23,0,146,0,15.06, 
5/26/2014, 13:12:59,-17.390501,13.605272,949.24,2700,222,0,14.84,1
5/26/2014, 13:13:40,-17.390829,13.605079,948.59,5616,179,0,41.83,1
5/26/2014, 13:14:19,-17.391203,13.605064,942.59,108,161,0,41.62,1
5/26/2014, 13:14:54,-17.391382,13.605084,943.63,3240,95,0,20.02,1
5/26/2014, 13:15:29,-17.391842,13.605062,925.95,3924,179,0,51.2,1
5/26/2014, 13:16:05,-17.392248,13.605158,924.09,3672,177,0,46.28,1
5/26/2014, 13:16:42,-17.392637,13.605256,924.78,8928,207,0,44.49,1
5/26/2014, 13:17:23,-17.392986,13.605517,944.67,0,153,0,47.68,1
5/26/2014, 13:18:04,-17.392988,13.605553,959.08,972,45,0,3.83, 
5/26/2014, 13:18:43,-17.392986,13.605485,946.85,5976,181,0,7.22, 
5/26/2014, 13:19:23,-17.393339,13.605656,942.26,4140,180,0,43.24,1
5/26/2014, 13:20:05,-17.393818,13.605786,921.32,5076,169,0,55.02,1
5/26/2014, 13:20:47,-17.394173,13.606206,936.38,6948,133,0,59.53,1
5/26/2014, 13:21:29,-17.394714,13.606399,925.61,3528,146,0,63.55,1
5/26/2014, 13:22:06,-17.395018,13.606694,957.7,2088,260,0,46.07,1
5/26/2014, 13:22:45,-17.395033,13.606619,943.92,468,132,0,8.13,1
5/26/2014, 13:23:19,-17.395071,13.606598,932.33,0,0,0,4.78, 
5/26/2014, 13:23:53,-17.39506,13.606593,932.64,0,0,0,1.33, 
5/26/2014, 13:24:27,-17.395098,13.606587,943.29,0,0,0,4.27, 
5/26/2014, 13:25:01,-17.395081,13.606598,950.47,0,0,0,2.22, 
5/26/2014, 13:25:35,-17.39509,13.6066,949.91,0,0,0,1.02, 
5/26/2014, 13:26:09,-17.395144,13.606592,947.92,0,0,0,6.06, 
5/26/2014, 13:26:45,-17.395082,13.606607,935.65,0,0,0,7.08, 
5/26/2014, 13:27:19,-17.395124,13.6066,950.56,0,0,0,4.73, 
5/26/2014, 13:27:53,-17.39513,13.606593,943.97,0,231,0,1, 
5/26/2014, 13:28:27,-17.395058,13.60662,932.9,0,0,0,8.5, 
5/26/2014, 13:29:01,-17.395075,13.606605,933.45,0,0,0,2.47, 
5/26/2014, 13:29:35,-17.39505,13.606626,927.36,0,0,0,3.56, 
5/26/2014, 13:30:12,-17.395077,13.606635,933.65,0,0,0,3.15, 
5/26/2014, 13:30:51,-17.395086,13.606611,943.7,540,26,0,2.74, 
5/26/2014, 13:31:26,-17.39509,13.606606,945.44,0,0,0,0.69, 
5/26/2014, 13:32:00,-17.395035,13.606652,948.2,0,0,0,7.82, 
5/26/2014, 13:32:35,-17.395039,13.606674,937.95,36,258,0,2.38, 
5/26/2014, 13:33:10,-17.395096,13.606629,949.48,144,0,0,7.94, 
5/26/2014, 13:33:45,-17.395103,13.60663,947.8,0,0,0,0.79, 
5/26/2014, 13:34:20,-17.395103,13.606633,951.44,756,0,0,0.32, 
5/26/2014, 13:34:55,-17.395075,13.606649,955.71,180,211,0,3.55, 
5/26/2014, 13:35:31,-17.395088,13.606655,959.18,0,0,0,1.58, 
5/26/2014, 13:36:09,-17.395042,13.606678,944.56,576,212,0,5.67, 
5/26/2014, 13:36:51,-17.395056,13.606667,946.44,792,217,0,1.95, 
5/26/2014, 13:37:27,-17.395098,13.606627,941.29,216,0,0,6.31, 
5/26/2014, 13:38:03,-17.395109,13.606598,945.74,0,0,0,3.31, 
5/26/2014, 13:38:41,-17.395037,13.606649,944.96,0,219,0,9.66, 
5/26/2014, 13:39:17,-17.39505,13.606622,944.95,0,0,0,3.21, 
5/26/2014, 13:39:51,-17.395065,13.606599,942.61,0,0,0,2.96, 
5/26/2014, 13:40:25,-17.395008,13.606622,940.39,0,0,0,6.79, 
5/26/2014, 13:40:59,-17.395075,13.606607,942.71,0,0,0,7.62, 
5/26/2014, 13:41:37,-17.394943,13.606688,935.92,648,21,0,17.01, 
5/26/2014, 13:42:16,-17.394817,13.606705,943,1692,303,0,14.13, 
5/26/2014, 13:43:02,-17.395081,13.606757,937.06,3852,86,0,29.87, 
5/26/2014, 13:43:47,-17.395044,13.606955,943.56,648,0,0,21.41, 
5/26/2014, 13:44:23,-17.395229,13.60692,947.11,2520,2,0,20.9, 
5/26/2014, 13:45:01,-17.395065,13.606655,938.25,1584,302,0,33.51, 
5/26/2014, 13:45:43,-17.395031,13.606772,922.95,180,22,0,12.98, 
5/26/2014, 13:46:23,-17.39496,13.606752,928.76,1656,286,0,8.18, 
5/26/2014, 13:47:13,-17.394951,13.60676,944.05,540,321,0,1.31, 
5/26/2014, 13:47:54,-17.394995,13.606716,924.54,1332,168,0,6.76, 
5/26/2014, 13:48:34,-17.395012,13.60675,947.18,972,290,0,4.07, 
5/26/2014, 13:49:14,-17.395021,13.606734,947.72,648,334,0,1.97, 
5/26/2014, 13:49:59,-17.395004,13.606725,938.44,1656,87,0,2.12, 
5/26/2014, 13:50:53,-17.394999,13.606686,949.86,576,204,0,4.18, 
5/26/2014, 13:51:35,-17.394693,13.606714,954.07,1152,123,0,34.16, 
5/26/2014, 13:52:25,-17.394835,13.606668,973.79,1260,33,0,16.53, 
5/26/2014, 13:53:11,-17.394951,13.606649,959.02,2268,195,0,13.06, 
5/26/2014, 13:53:59,-17.394997,13.606565,960.4,1548,311,0,10.28, 
5/26/2014, 13:54:51,-17.394861,13.606643,975.51,1332,202,0,17.24, 
5/26/2014, 13:55:59,-17.394892,13.606633,979.51,360,346,0,3.61, 
5/26/2014, 13:57:12,-17.394917,13.60661,954.22,3204,215,0,3.7, 
5/26/2014, 13:58:29,-17.395027,13.6065,984.07,3276,207,0,16.91, 
5/26/2014, 14:00:14,-17.394947,13.606539,991.7,1116,197,0,9.81, 
5/26/2014, 14:01:59,-17.394829,13.60675,956.82,180,202,0,25.95, 
5/26/2014, 14:03:16,-17.394995,13.606602,934.43,0,261,0,24.23, 
5/26/2014, 14:03:54,-17.394995,13.606558,930.13,0,80,0,4.67, 
5/26/2014, 14:04:42,-17.395037,13.606536,929.5,900,188,0,5.22, 
5/26/2014, 14:05:36,-17.394983,13.606583,939.61,252,0,0,7.81, 
5/26/2014, 14:06:13,-17.394915,13.606646,947.69,0,280,0,10.09, 
5/26/2014, 14:06:48,-17.394815,13.606732,953.27,0,33,0,14.38, 
5/26/2014, 14:07:23,-17.395042,13.606618,939.07,0,27,0,27.99, 
5/26/2014, 14:08:01,-17.394987,13.606668,942.49,0,239,0,8.1, 
5/26/2014, 14:08:45,-17.395041,13.606593,940.96,2376,14,0,9.97, 
5/26/2014, 14:09:20,-17.394932,13.606697,945.12,0,0,0,16.39, 
5/26/2014, 14:09:57,-17.394955,13.606682,951.57,0,34,0,3.01, 
5/26/2014, 14:10:32,-17.394888,13.606728,950.91,0,207,0,8.91, 
5/26/2014, 14:11:07,-17.394838,13.606723,955.18,0,192,0,5.59, 
5/26/2014, 14:11:41,-17.394958,13.606675,949.06,0,0,0,14.28, 
5/26/2014, 14:12:16,-17.394873,13.606688,952.1,0,57,0,9.55, 
5/26/2014, 14:12:53,-17.394936,13.606647,945.59,0,0,0,8.25, 
5/26/2014, 14:13:28,-17.394838,13.606688,953.43,0,2,0,11.73, 
5/26/2014, 14:14:03,-17.394855,13.6067,954.14,0,210,0,2.28, 
5/26/2014, 14:14:38,-17.394966,13.606651,950.18,0,217,0,13.39, 
5/26/2014, 14:15:14,-17.395111,13.606498,934.1,0,0,0,22.88, 
5/26/2014, 14:15:49,-17.395123,13.606576,944.49,0,0,0,8.38, 
5/26/2014, 14:16:23,-17.395058,13.606607,945.47,0,0,0,7.94, 
5/26/2014, 14:16:59,-17.394955,13.606639,948.05,0,20,0,11.95, 
5/26/2014, 14:17:33,-17.394869,13.606675,947.53,0,33,0,10.3, 
5/26/2014, 14:18:07,-17.394876,13.606685,955.15,0,0,0,1.32, 
5/26/2014, 14:18:41,-17.39493,13.606664,948.47,0,0,0,6.4, 
5/26/2014, 14:19:15,-17.394873,13.606686,954.09,7128,219,0,6.75, 
5/26/2014, 14:19:50,-17.395052,13.606575,943.36,0,0,0,23.13, 
5/26/2014, 14:20:24,-17.395046,13.606557,942.06,0,12,0,2.02, 
5/26/2014, 14:20:58,-17.394863,13.606669,949.74,0,26,0,23.56, 
5/26/2014, 14:21:32,-17.394863,13.606707,956.6,0,0,0,4.03, 
5/26/2014, 14:22:06,-17.395048,13.606606,945.83,7704,230,0,23.2, 
5/26/2014, 14:22:41,-17.395245,13.606524,929.38,0,38,0,23.57, 
5/26/2014, 14:23:15,-17.394958,13.606662,935.97,0,201,0,35.11, 
5/26/2014, 14:23:49,-17.395004,13.606643,947.41,0,211,0,5.5, 
5/26/2014, 14:24:23,-17.394907,13.606679,948.35,0,0,0,11.44, 
5/26/2014, 14:24:57,-17.394924,13.606697,951.39,0,28,0,2.69, 
5/26/2014, 14:25:32,-17.394958,13.606658,951.35,612,290,0,5.61, 
5/26/2014, 14:26:06,-17.394867,13.606703,955.84,0,0,0,11.19, 
5/26/2014, 14:26:40,-17.394962,13.60667,947.28,0,278,0,11.13, 
5/26/2014, 14:27:14,-17.394907,13.606673,956.15,0,0,0,6.12, 
5/26/2014, 14:27:48,-17.395029,13.606621,937.44,0,26,0,14.64, 
5/26/2014, 14:28:22,-17.394985,13.606657,946.28,0,0,0,6.21, 
5/26/2014, 14:28:56,-17.395069,13.606622,931.81,0,0,0,10.05, 
5/26/2014, 14:29:30,-17.395107,13.606618,935.19,0,0,0,4.25, 
5/26/2014, 14:30:04,-17.39492,13.606668,944.99,0,246,0,21.46, 
5/26/2014, 14:30:38,-17.395021,13.60665,938.05,0,0,0,11.39, 
5/26/2014, 14:31:12,-17.394974,13.606653,941.04,0,230,0,5.24, 
5/26/2014, 14:31:46,-17.394962,13.606703,949.82,6048,31,0,5.47, 
5/26/2014, 14:32:20,-17.39505,13.606637,936.69,0,26,0,12.03, 
5/26/2014, 14:32:54,-17.394945,13.606637,944.67,0,0,0,11.68, 
5/26/2014, 14:33:28,-17.394922,13.606716,949.75,0,194,0,8.76, 
5/26/2014, 14:34:02,-17.394661,13.60682,964.17,0,0,0,31.05, 
5/26/2014, 14:34:36,-17.39506,13.606633,934.1,5832,86,0,48.6, 
5/26/2014, 14:35:10,-17.395025,13.606655,934.73,0,0,0,4.54, 
5/26/2014, 14:35:46,-17.39502,13.606627,938.12,0,24,0,3.02, 
5/26/2014, 14:36:24,-17.395004,13.606639,945.44,3744,29,0,2.19, 
5/26/2014, 14:37:00,-17.394981,13.606639,948.42,0,0,0,2.56, 
5/26/2014, 14:37:35,-17.395065,13.606624,944.08,0,0,0,9.48, 
5/26/2014, 14:38:11,-17.395088,13.606644,935.12,0,10,0,3.32, 
5/26/2014, 14:38:46,-17.394999,13.606625,945.36,0,351,0,10.1, 
5/26/2014, 14:39:22,-17.3951,13.606612,934.66,1224,214,0,11.32, 
5/26/2014, 14:39:59,-17.395044,13.606659,949.69,2952,15,0,7.98, 
5/26/2014, 14:40:33,-17.394951,13.606681,948.72,0,0,0,10.6, 
5/26/2014, 14:41:07,-17.395037,13.606631,941.68,0,0,0,10.94, 
5/26/2014, 14:41:41,-17.394949,13.606683,943.69,0,0,0,11.23, 
5/26/2014, 14:42:16,-17.395056,13.606638,942.26,0,0,0,12.82, 
5/26/2014, 14:42:50,-17.394928,13.606653,955.28,0,0,0,14.32, 
5/26/2014, 14:43:24,-17.394951,13.606667,950.62,0,0,0,2.96, 
5/26/2014, 14:43:58,-17.394922,13.606684,953.44,0,20,0,3.69, 
5/26/2014, 14:44:32,-17.394917,13.606684,950.67,0,0,0,0.56, 
5/26/2014, 14:45:07,-17.394892,13.606694,950.56,576,221,0,2.98, 
5/26/2014, 14:45:42,-17.394979,13.606629,949.38,324,197,0,11.88, 
5/26/2014, 14:46:18,-17.394787,13.60676,962.4,0,204,0,25.48, 
5/26/2014, 14:46:53,-17.394958,13.606668,949.23,864,91,0,21.37, 
5/26/2014, 14:47:30,-17.394964,13.606681,958.12,0,206,0,1.53, 
5/26/2014, 14:48:04,-17.394943,13.606679,960.12,0,22,0,2.34, 
5/26/2014, 14:48:40,-17.394999,13.606663,947.25,0,32,0,6.45, 
5/26/2014, 14:49:16,-17.395212,13.60652,943.92,1656,7,0,28.13, 
5/26/2014, 14:49:50,-17.394964,13.606666,950.66,0,135,0,31.63, 
5/26/2014, 14:50:24,-17.395004,13.606647,945.35,0,0,0,4.88, 
5/26/2014, 14:50:58,-17.39469,13.606822,977.39,0,0,0,39.55, 
5/26/2014, 14:51:37,-17.394974,13.606622,940.13,0,209,0,38.05, 
5/26/2014, 14:51:48,-17.395018,13.606626,944.47,3168,203,-1,4.91, 
5/26/2014, 14:52:22,-17.394999,13.606595,947.57,0,0,0,3.91, 
5/26/2014, 14:53:26,-17.394938,13.60675,977.59,7344,36,0,17.79, 
5/26/2014, 14:54:35,-17.394569,13.606893,997.7,2592,29,0,43.75, 
5/26/2014, 14:55:44,-17.394753,13.606784,965.58,6372,213,0,23.5, 
5/26/2014, 14:56:49,-17.39506,13.606565,938.66,0,103,0,41.3, 
5/26/2014, 14:57:41,-17.394993,13.606601,933.89,2412,189,0,8.37, 
5/26/2014, 14:58:33,-17.394993,13.606548,957.16,576,137,0,5.62, 
5/26/2014, 14:59:17,-17.39493,13.606641,949.96,0,111,0,12.1, 
5/26/2014, 15:00:19,-17.395311,13.60647,923.46,2628,198,0,46.09, 
5/26/2014, 15:01:45,-17.395363,13.606351,905.37,6912,225,0,13.89, 
5/26/2014, 15:03:27,-17.395266,13.606509,927.81,5652,200,0,19.94, 
5/26/2014, 15:05:40,-17.395214,13.60635,932.24,2916,238,0,17.83, 
5/26/2014, 15:08:01,-17.394632,13.606717,1015.79,1944,147,0,75.53, 
5/26/2014, 15:11:14,-17.395172,13.606512,940.88,3276,143,0,63.86, 
5/26/2014, 15:12:13,-17.395046,13.606561,954.02,108,91,0,14.94, 
5/26/2014, 15:13:30,-17.395212,13.606504,940.31,1764,219,0,19.42, 
5/26/2014, 15:14:20,-17.39517,13.606459,949.95,504,16,0,6.68, 
5/26/2014, 15:15:29,-17.395247,13.606513,931.69,864,256,0,10.3, 
5/26/2014, 15:17:14,-17.395247,13.606513,931.69,864,256,0,0, 
5/26/2014, 15:18:23,-17.394968,13.606659,943.45,1872,189,0,34.68, 
5/26/2014, 15:19:27,-17.395033,13.606594,933.43,2484,124,0,9.99, 
5/26/2014, 15:20:24,-17.395063,13.60646,900.26,3852,262,0,14.6, 
5/26/2014, 15:21:32,-17.394985,13.606609,936.87,252,291,0,18.03, 
5/26/2014, 15:22:29,-17.395109,13.606594,943.49,2196,351,0,13.88, 
5/26/2014, 15:23:34,-17.395033,13.606621,933.23,72,181,0,8.92, 
5/26/2014, 15:24:26,-17.394619,13.606339,942.11,5076,347,0,54.91,1
5/26/2014, 15:29:06,-17.393877,13.606261,984.37,0,0,0,82.92,1
5/26/2014, 15:33:20,-17.390575,13.60511,931.76,108,347,0,386.95, 
5/26/2014, 15:36:45,-17.390396,13.605191,934.68,4032,149,0,21.68, 
5/26/2014, 15:43:07,-17.390396,13.605191,934.68,4032,149,0,0, 
5/26/2014, 15:49:44,-17.395174,13.606912,944.79,3888,301,0,561.8,1
5/26/2014, 15:54:23,-17.395344,13.606699,928.61,864,150,0,29.46,1
5/26/2014, 15:55:06,-17.395475,13.606758,922.67,720,158,0,15.85, 
5/26/2014, 15:55:48,-17.39537,13.606756,916.13,648,342,0,11.68, 
5/26/2014, 15:56:30,-17.395411,13.606725,922.92,180,337,0,5.62, 
5/26/2014, 15:57:12,-17.395374,13.606697,930.6,252,338,0,5.07, 
5/26/2014, 15:57:50,-17.395327,13.606824,927.59,288,0,0,14.45, 
5/26/2014, 15:58:40,-17.39562,13.606813,923.81,1548,299,0,32.6, 
5/26/2014, 15:59:42,-17.395479,13.606666,964.62,1044,9,0,22.12, 
5/26/2014, 16:00:25,-17.395493,13.606665,950.98,792,324,0,1.56, 
5/26/2014, 16:01:14,-17.395477,13.606696,935.91,1548,148,0,3.74, 
5/26/2014, 16:01:57,-17.395336,13.606726,942.91,504,161,0,16, 
5/26/2014, 16:02:41,-17.395044,13.606608,955.93,1476,319,0,34.8, 
5/26/2014, 16:03:30,-17.395325,13.606727,946.6,1152,333,0,33.7, 
5/26/2014, 16:04:19,-17.395081,13.606585,968.71,1440,327,0,31.03, 
5/26/2014, 16:05:08,-17.395145,13.606677,951.64,468,282,0,12.08, 
5/26/2014, 16:05:51,-17.395321,13.606709,945.47,612,23,0,19.86, 
5/26/2014, 16:06:43,-17.395323,13.606723,949.27,612,325,0,1.5, 
5/26/2014, 16:07:23,-17.39539,13.606763,943.28,468,66,0,8.57, 
5/26/2014, 16:08:06,-17.395433,13.606789,936.65,252,74,0,5.52, 
5/26/2014, 16:08:49,-17.395412,13.606816,944.61,828,206,0,3.7, 
5/26/2014, 16:09:41,-17.395327,13.606807,940.22,2700,31,0,9.5, 
5/26/2014, 16:10:33,-17.395401,13.606806,944.49,864,6,0,8.23, 
5/26/2014, 16:11:26,-17.395426,13.606851,942.42,1368,210,0,5.53, 
5/26/2014, 16:12:12,-17.395292,13.606741,953.87,684,339,0,18.93, 
5/26/2014, 16:12:53,-17.395367,13.606685,942.57,2448,0,0,10.24, 
5/26/2014, 16:13:36,-17.394991,13.60664,936.66,5976,356,0,42.08, 
5/26/2014, 16:14:17,-17.394924,13.606646,940.19,936,120,0,7.48, 
5/26/2014, 16:14:53,-17.394991,13.606667,926.95,252,0,0,7.78, 
5/26/2014, 16:15:29,-17.394947,13.606683,940.53,288,0,0,5.18, 
5/26/2014, 17:01:36,-17.39497,13.606706,938.58,0,236,0,3.54, 
5/26/2014, 17:02:24,-17.395048,13.606542,973.55,1764,237,0,19.44,1
5/26/2014, 17:03:02,-17.394981,13.606597,956.49,0,69,0,9.46,1
5/26/2014, 17:03:41,-17.394979,13.606629,956.69,0,258,0,3.4, 
5/26/2014, 17:43:58,-17.395018,13.606592,922.55,936,7,0,5.85, 
5/26/2014, 17:45:11,-17.396605,13.607549,954.41,540,150,0,203.6, 
5/26/2014, 17:52:55,-17.394962,13.606783,934.41,0,0,0,199.96, 
5/26/2014, 17:53:29,-17.394974,13.60677,932.48,0,0,0,1.92, 
5/26/2014, 17:54:03,-17.394968,13.60678,934.77,0,0,0,1.25, 
5/26/2014, 18:14:39,-17.394945,13.606819,932.11,468,179,0,4.86, 
5/26/2014, 18:15:17,-17.394915,13.60666,936.27,0,116,0,17.2, 
5/26/2014, 18:15:54,-17.394951,13.606754,929.4,144,103,0,10.75, 
5/26/2014, 18:16:31,-17.39493,13.606736,924.84,0,74,0,3.02, 
5/26/2014, 20:10:05,-17.394793,13.606764,965.78,216,287,0,15.52, 
5/26/2014, 20:10:43,-17.39472,13.606596,975.08,36,0,0,19.59, 
5/26/2014, 20:11:21,-17.394779,13.606647,981.98,576,0,0,8.5, 
5/26/2014, 20:26:02,-17.394934,13.606703,929.61,324,101,0,18.23, 
5/26/2014, 20:26:41,-17.394897,13.606664,939.06,216,305,0,5.84, 
5/26/2014, 20:27:18,-17.394821,13.606697,969.98,396,11,0,9.15, 
5/26/2014, 20:27:56,-17.39477,13.606651,965.79,684,9,0,7.48, 
5/26/2014, 20:29:18,-17.394831,13.606669,955.96,324,47,0,7.05, 
5/26/2014, 20:40:26,-17.394869,13.606627,965.53,648,8,0,6.14, 
5/26/2014, 20:44:38,-17.394905,13.606733,934.27,324,114,0,11.94, 
5/26/2014, 20:45:15,-17.394945,13.606807,915.88,2376,129,0,9.02,1
5/26/2014, 20:46:12,-17.394772,13.606563,964.01,180,113,0,32.25,1
5/26/2014, 20:47:06,-17.393278,13.610353,793.17,792,177,-4,435.12,1
5/27/2014, 06:53:04,-17.394976,13.606553,944.26,648,66,-2,0,1
5/27/2014, 06:53:45,-17.394905,13.606566,926.34,720,242,0,8.01,1
5/27/2014, 06:54:20,-17.394939,13.606492,933.9,0,0,0,8.71, 
5/27/2014, 06:58:56,-17.394901,13.606598,933.16,432,0,0,12.02, 
5/27/2014, 07:04:05,-17.394712,13.606911,884,0,69,0,39.3, 
5/27/2014, 07:04:40,-17.395044,13.606408,897.04,0,346,0,64.9, 
5/27/2014, 07:05:13,-17.394741,13.606869,884.58,900,225,0,59.4, 
5/27/2014, 07:09:17,-17.394981,13.606669,942.29,504,0,0,34.1, 
5/27/2014, 07:09:50,-17.395041,13.606659,953.1,504,341,0,6.76, 
5/27/2014, 07:10:23,-17.395063,13.606643,971.67,108,173,0,2.98, 
5/27/2014, 07:10:56,-17.395041,13.606678,931.97,720,0,0,4.45, 
5/27/2014, 07:11:30,-17.395002,13.606643,945.18,252,0,0,5.71, 
5/27/2014, 07:12:03,-17.395048,13.606565,934.4,864,0,0,9.73, 
5/27/2014, 07:57:22,-17.395041,13.606412,949.8,1404,162,0,16.25, 
5/27/2014, 07:58:00,-17.395006,13.60645,942.6,288,49,0,5.6, 
5/27/2014, 07:58:34,-17.394917,13.606426,955.81,6264,290,0,10.22, 
5/27/2014, 07:59:13,-17.395037,13.606567,946.02,360,135,0,20.05, 
5/27/2014, 07:59:47,-17.39501,13.606488,916.86,0,0,0,8.9, 
5/27/2014, 12:55:06,-17.394922,13.606693,946.67,288,207,0,23.85, 
5/27/2014, 12:55:45,-17.394962,13.606693,931.67,0,246,0,4.45, 
5/27/2014, 12:56:24,-17.394896,13.606766,956.85,1836,53,0,10.67, 
5/27/2014, 12:56:59,-17.394943,13.606666,937.28,0,85,0,11.83, 
5/27/2014, 12:57:35,-17.394941,13.606681,944.85,0,0,0,1.61, 
5/27/2014, 13:03:57,-17.394892,13.606654,984.75,684,83,0,6.16, 
5/27/2014, 13:04:31,-17.394928,13.606718,939.89,4284,356,-1,7.88, 
5/27/2014, 13:05:09,-17.394724,13.606599,920.35,1980,176,0,25.96, 
5/27/2014, 13:05:47,-17.394735,13.606531,934.45,0,57,0,7.32, 
5/27/2014, 13:06:25,-17.394726,13.606561,939.12,0,290,0,3.34, 
5/27/2014, 13:06:52,-17.394665,13.60648,961.12,396,336,-1,10.95, 
5/27/2014, 13:07:25,-17.394745,13.606586,943.43,108,0,0,14.34, 
5/27/2014, 13:08:03,-17.394754,13.606579,948.68,0,38,0,1.25, 
5/27/2014, 13:08:47,-17.394735,13.606562,948.94,216,45,0,2.78, 
5/27/2014, 13:09:32,-17.394712,13.606477,962.64,2196,247,0,9.37, 
5/27/2014, 13:10:07,-17.394529,13.606279,940.33,3816,282,0,29.25,1
5/27/2014, 13:10:42,-17.394533,13.605831,944.3,3636,261,0,47.54,1
5/27/2014, 13:11:36,-17.394381,13.605567,939.01,5724,278,0,32.72,1
5/27/2014, 13:12:13,-17.394432,13.604793,938.95,7380,243,0,82.32,1
5/27/2014, 13:12:49,-17.394253,13.604483,936.77,3204,294,0,38.45,1
5/27/2014, 13:13:25,-17.394384,13.603938,933.92,2916,271,0,59.64,1
5/27/2014, 13:14:04,-17.394188,13.60426,947.96,1080,178,0,40.53,1
5/27/2014, 13:14:43,-17.394323,13.603919,941.24,0,257,0,39.17,1
5/27/2014, 13:15:25,-17.394417,13.603823,945.68,720,118,0,14.6, 
5/27/2014, 13:16:04,-17.394388,13.6038,931.81,0,11,0,4.04, 
5/27/2014, 13:16:44,-17.394335,13.603955,925.98,0,68,0,17.47, 
5/27/2014, 13:17:23,-17.394394,13.603902,899.28,2520,167,0,8.64, 
5/27/2014, 13:18:05,-17.394165,13.603647,929.36,1872,7,0,37.16, 
5/27/2014, 13:18:44,-17.394009,13.603585,937.14,0,328,0,18.55, 
5/27/2014, 13:19:20,-17.393572,13.603324,936.15,0,241,0,55.93, 
5/27/2014, 13:19:59,-17.393724,13.603038,940.01,0,106,0,34.74, 
5/27/2014, 13:20:35,-17.393934,13.602847,934.26,2736,68,0,30.92,1
5/27/2014, 13:21:26,-17.394022,13.602788,930.86,900,204,0,11.62,1
5/27/2014, 13:22:17,-17.394382,13.60265,963.25,1188,14,0,42.62, 
5/27/2014, 13:23:08,-17.394089,13.602728,959.69,792,104,0,33.61, 
5/27/2014, 13:23:47,-17.394001,13.602736,949.78,0,240,0,9.82, 
5/27/2014, 13:24:27,-17.394318,13.602134,924.6,0,261,0,72.96, 
5/27/2014, 13:25:03,-17.394363,13.601703,937.12,3852,234,0,46.01,1
5/27/2014, 13:25:44,-17.39448,13.601328,921.73,0,68,0,41.86,1
5/27/2014, 13:26:32,-17.394583,13.601362,947.7,936,95,0,12.01, 
5/27/2014, 13:27:13,-17.394413,13.601468,947.41,6804,189,0,22, 
5/27/2014, 13:27:51,-17.394623,13.600994,936.04,4896,248,0,55.45, 
5/27/2014, 13:28:28,-17.394451,13.600516,932.75,6084,313,0,54.21,1
5/27/2014, 13:29:05,-17.394661,13.600163,934.02,3600,251,0,44.14,1
5/27/2014, 13:29:43,-17.394747,13.59966,932.45,4248,264,0,54.22,1
5/27/2014, 13:30:21,-17.394716,13.599102,936.57,5616,269,0,59.31,1
5/27/2014, 13:30:59,-17.394747,13.598665,938.73,0,270,0,46.5,1
5/27/2014, 13:31:39,-17.394753,13.598475,956.07,0,74,0,20.17, 
5/27/2014, 13:32:18,-17.394823,13.598421,942.9,0,130,0,9.67, 
5/27/2014, 13:32:55,-17.394814,13.598164,938.12,0,291,0,27.29, 
5/27/2014, 13:33:36,-17.394928,13.597749,927.83,0,266,0,45.82, 
5/27/2014, 13:34:15,-17.395094,13.597296,941.98,6732,244,0,51.49,1
5/27/2014, 13:34:51,-17.39517,13.596766,933.21,2412,266,0,56.87,1
5/27/2014, 13:35:30,-17.395409,13.596152,939,0,243,0,70.36,1
5/27/2014, 13:36:09,-17.395267,13.595676,939.39,5940,255,0,52.92,1
5/27/2014, 13:36:48,-17.395166,13.595142,931.74,6084,246,0,57.76,1
5/27/2014, 13:37:26,-17.395164,13.594568,938.16,6732,308,0,60.91,1
5/27/2014, 13:38:06,-17.395105,13.59411,928.65,6048,249,0,49.04,1
5/27/2014, 13:38:46,-17.395317,13.593444,944.03,0,249,0,74.5,1
5/27/2014, 13:39:26,-17.395348,13.592957,932.38,4248,273,0,51.79,1
5/27/2014, 13:40:06,-17.395277,13.592426,945.1,5508,266,0,56.89,1
5/27/2014, 13:40:45,-17.395037,13.592058,936.61,0,24,0,47.3,1
5/27/2014, 13:41:32,-17.394958,13.592166,950.82,216,74,0,14.44, 
5/27/2014, 13:42:12,-17.394567,13.592535,896.71,3312,94,0,58.51, 
5/27/2014, 13:42:49,-17.394781,13.592546,917.34,756,223,0,23.82, 
5/27/2014, 13:43:30,-17.394897,13.592507,921.87,1188,64,0,13.55,1
5/27/2014, 13:44:09,-17.394846,13.592558,928.71,0,0,0,7.84,1
5/27/2014, 13:44:47,-17.394768,13.59259,937.64,288,223,0,9.31, 
5/27/2014, 13:45:27,-17.394753,13.592668,941.34,396,288,0,8.44, 
5/27/2014, 13:46:12,-17.394777,13.592519,943.74,1908,36,0,16.03, 
5/27/2014, 13:46:48,-17.394733,13.592505,938.54,5076,17,0,5.11, 
5/27/2014, 13:47:23,-17.394825,13.592363,947.51,5652,223,0,18.21, 
5/27/2014, 13:47:59,-17.395071,13.592199,940.94,2700,68,0,32.42, 
5/27/2014, 13:48:37,-17.395554,13.591874,955.61,5004,237,0,63.83,1
5/27/2014, 13:49:18,-17.395699,13.591518,928.94,0,237,0,41.07,1
5/27/2014, 13:49:57,-17.395998,13.591005,950.61,0,222,0,63.78, 
5/27/2014, 13:50:34,-17.396191,13.590417,948.44,6156,236,0,65.98,1
5/27/2014, 13:51:16,-17.396351,13.589743,936.72,7200,247,0,73.7,1
5/27/2014, 13:52:00,-17.396456,13.589046,935.22,6624,261,0,74.87,1
5/27/2014, 13:52:39,-17.396467,13.588561,948.15,0,269,0,51.48,1
5/27/2014, 13:53:15,-17.396502,13.587998,949.77,4140,245,0,59.87,1
5/27/2014, 13:53:53,-17.396708,13.587462,944.48,4608,246,0,61.31,1
5/27/2014, 13:54:29,-17.396709,13.586987,954.86,1404,56,0,50.4,1
5/27/2014, 13:55:04,-17.39687,13.586814,961.57,3312,212,0,25.64,1
5/27/2014, 13:55:40,-17.397102,13.586324,940.45,6408,242,0,58.04,1
5/27/2014, 13:56:16,-17.397194,13.58577,944.11,6948,253,0,59.67,1
5/27/2014, 13:56:55,-17.397131,13.585177,945.15,6624,287,0,63.31,1
5/27/2014, 13:57:33,-17.397329,13.584498,948.92,9396,242,0,75.34,1
5/27/2014, 13:58:12,-17.3974,13.583903,946.09,8064,258,0,63.63,1
5/27/2014, 13:58:49,-17.397392,13.583297,945.73,6984,285,0,64.31,1
5/27/2014, 13:59:30,-17.397381,13.582692,936.23,6084,277,0,64.21,1
5/27/2014, 14:00:10,-17.397326,13.581993,941.81,5688,270,0,74.42,1
5/27/2014, 14:00:48,-17.397346,13.581382,942.47,5040,255,0,64.87,1
5/27/2014, 14:01:25,-17.397268,13.580833,948.57,6156,294,0,58.9,1
5/27/2014, 14:02:02,-17.397423,13.580201,942.27,5508,273,0,69.24,1
5/27/2014, 14:02:41,-17.397295,13.57968,939.88,3168,273,0,57.09,1
5/27/2014, 14:03:19,-17.397369,13.579012,948.47,5076,277,0,71.36,1
5/27/2014, 14:03:54,-17.397339,13.578499,934.93,6696,264,0,54.54,1
5/27/2014, 14:04:31,-17.397329,13.577949,957.8,0,49,0,58.37,1
5/27/2014, 14:05:08,-17.397297,13.577297,939.89,7380,259,0,69.27,1
5/27/2014, 14:05:43,-17.397224,13.576785,948.4,5292,277,0,54.93,1
5/27/2014, 14:06:18,-17.397305,13.576324,951.6,5904,241,0,49.74,1
5/27/2014, 14:06:56,-17.397375,13.575709,952.23,1008,181,0,65.72,1
5/27/2014, 14:07:35,-17.397377,13.575083,947.98,6048,264,0,66.42,1
5/27/2014, 14:08:14,-17.397495,13.57443,950.83,6480,263,0,70.52,1
5/27/2014, 14:08:54,-17.397495,13.573928,954.36,5688,258,0,53.27,1
5/27/2014, 14:09:33,-17.397497,13.573271,954.08,5868,269,0,69.71,1
5/27/2014, 14:10:11,-17.397583,13.572721,942.44,5364,263,0,59.14,1
5/27/2014, 14:10:55,-17.397657,13.572343,957.66,900,245,0,40.94,1
5/27/2014, 14:11:33,-17.397917,13.572132,949.95,0,244,0,36.57,1
5/27/2014, 14:12:17,-17.397831,13.572155,951.76,792,171,0,9.87, 
5/27/2014, 14:12:57,-17.397844,13.572085,963.97,324,30,0,7.57, 
5/27/2014, 14:13:33,-17.397516,13.572135,957.24,12240,272,0,36.86, 
5/27/2014, 14:14:10,-17.397552,13.571085,948.92,10368,260,0,111.49,1
5/27/2014, 14:14:50,-17.397692,13.570678,970.86,3240,265,0,45.91,1
5/27/2014, 14:15:31,-17.397854,13.570108,937.17,6516,263,0,63.11,1
5/27/2014, 14:16:11,-17.397959,13.569524,941.19,5004,262,0,63.06,1
5/27/2014, 14:16:50,-17.398115,13.569036,961.55,0,278,0,54.61,1
5/27/2014, 14:17:30,-17.398218,13.568404,957.03,6336,257,0,68.03,1
5/27/2014, 14:18:10,-17.398375,13.567815,947.29,0,278,0,64.89,1
5/27/2014, 14:18:48,-17.39851,13.567207,951.52,6840,238,0,66.24,1
5/27/2014, 14:19:30,-17.398775,13.566535,961.01,7992,233,0,77.15,1
5/27/2014, 14:20:13,-17.399107,13.565899,947.01,7164,248,0,76.92,1
5/27/2014, 14:20:57,-17.399387,13.56535,946.97,6696,249,0,66.05,1
5/27/2014, 14:21:41,-17.399702,13.564558,970.22,8100,247,0,91.04,1
5/27/2014, 14:22:24,-17.399912,13.563944,951.86,612,235,0,69.21,1
5/27/2014, 14:23:07,-17.400139,13.563163,972.05,4860,239,0,86.63,1
5/27/2014, 14:23:49,-17.400354,13.562494,940.64,5616,249,0,74.9,1
5/27/2014, 14:24:32,-17.400385,13.561673,964.49,4968,267,0,87.18,1
5/27/2014, 14:25:15,-17.400486,13.560882,957.47,6048,265,0,84.68,1
5/27/2014, 14:25:59,-17.40064,13.56008,964.8,5328,253,0,86.8,1
5/27/2014, 14:26:46,-17.400745,13.559412,954.48,4140,259,0,71.83,1
5/27/2014, 14:27:30,-17.400846,13.558761,950.16,4428,236,0,69.98,1
5/27/2014, 14:28:14,-17.400856,13.557997,956.41,6624,262,0,81.07,1
5/27/2014, 14:28:56,-17.400921,13.557134,962.97,5040,249,0,91.85,1
5/27/2014, 14:29:41,-17.401207,13.556536,955.87,3564,232,0,70.97,1
5/27/2014, 14:30:21,-17.40134,13.555678,935.06,4500,285,0,92.23,1
5/27/2014, 14:31:05,-17.40148,13.554801,946.99,6372,249,0,94.35,1
5/27/2014, 14:31:47,-17.401682,13.55416,947.15,5220,265,0,71.63,1
5/27/2014, 14:32:29,-17.40196,13.553502,968.74,6696,246,0,76.35,1
5/27/2014, 14:33:11,-17.402113,13.552784,966.54,7128,270,0,78.06,1
5/27/2014, 14:33:58,-17.402,13.55202,971.17,4428,269,0,82.03,1
5/27/2014, 14:34:40,-17.401905,13.551408,961.15,7092,267,0,65.79,1
5/27/2014, 14:35:22,-17.4018,13.550673,967.92,6876,270,0,78.86,1
5/27/2014, 14:36:02,-17.401804,13.549953,960.84,5904,274,0,76.4,1
5/27/2014, 14:36:43,-17.401884,13.549226,950.08,8532,247,0,77.65,1
5/27/2014, 14:37:23,-17.402025,13.548538,962.24,3708,252,0,74.67,1
5/27/2014, 14:38:06,-17.402205,13.547855,940.77,5364,261,0,75.18,1
5/27/2014, 14:38:48,-17.402311,13.547036,950.72,8136,258,0,87.7,1
5/27/2014, 14:39:31,-17.402325,13.546274,945.44,5724,262,0,80.87,1
5/27/2014, 14:40:14,-17.402189,13.545668,969.64,2772,284,0,66.05,1
5/27/2014, 14:40:59,-17.402222,13.545154,965.47,4716,269,0,54.66,1
5/27/2014, 14:41:41,-17.40229,13.544623,961.48,3132,266,0,56.85,1
5/27/2014, 14:42:23,-17.402374,13.54419,959.26,8532,246,0,46.88,1
5/27/2014, 14:43:09,-17.402534,13.543365,979.14,5976,252,0,89.33,1
5/27/2014, 14:44:04,-17.40271,13.54275,969.4,7668,258,0,68.13,1
5/27/2014, 14:44:46,-17.40279,13.541982,968.81,8280,274,0,81.97,1
5/27/2014, 14:45:28,-17.402653,13.541211,953.78,5724,281,0,83.21,1
5/27/2014, 14:46:10,-17.402569,13.540434,953.47,4752,284,0,82.97,1
5/27/2014, 14:46:50,-17.402485,13.539643,959.82,6624,290,0,84.45,1
5/27/2014, 14:47:31,-17.402313,13.539025,957.47,6228,288,0,68.31,1
5/27/2014, 14:48:11,-17.402157,13.538335,969.28,5364,274,0,75.24,1
5/27/2014, 14:48:54,-17.402084,13.53758,951.42,5184,282,0,80.52,1
5/27/2014, 14:49:42,-17.40202,13.536738,979.89,216,290,0,89.62,1
5/27/2014, 14:50:27,-17.402061,13.536557,969.76,252,265,0,19.74,1
5/27/2014, 14:51:10,-17.402111,13.53625,967.36,5220,250,0,33.05, 
5/27/2014, 14:51:53,-17.402147,13.535522,964.17,6084,254,0,77.35,1
5/27/2014, 14:52:34,-17.402048,13.534842,961.14,5040,295,0,72.99,1
5/27/2014, 14:53:17,-17.40193,13.534127,948.15,5040,253,0,76.99,1
5/27/2014, 14:53:57,-17.402132,13.533395,955.24,8424,253,0,80.85,1
5/27/2014, 14:54:45,-17.40243,13.532462,957.36,7920,238,0,104.39,1
5/27/2014, 14:55:28,-17.402615,13.531724,963.09,4248,256,0,80.96,1
5/27/2014, 14:56:11,-17.402571,13.530906,940.58,4608,269,0,86.93,1
5/27/2014, 14:57:53,-17.402485,13.528964,965.62,5328,264,0,206.28,1
5/27/2014, 15:16:03,-17.404974,13.508013,979.28,5976,233,-1,2240.16, 
5/27/2014, 15:20:28,-17.406446,13.504533,989.18,5652,238,0,403.89,1
5/27/2014, 15:21:09,-17.406412,13.503807,976.83,6192,270,0,77.12,1
5/27/2014, 15:21:56,-17.406456,13.503051,984.27,6552,288,0,80.36,1
5/27/2014, 15:24:07,-17.406525,13.500932,976.27,8640,263,0,224.96,1
5/27/2014, 15:26:49,-17.406553,13.499972,806.8,360,325,0,101.91,1
5/27/2014, 15:29:01,-17.406605,13.499745,968.43,1908,50,0,24.77,1
5/27/2014, 15:31:08,-17.406406,13.499644,992.64,828,219,0,24.59, 
5/27/2014, 15:32:22,-17.406406,13.499644,992.64,828,219,0,0, 
5/27/2014, 15:36:54,-17.406624,13.499626,976.68,864,233,0,24.32, 
5/27/2014, 15:39:44,-17.406607,13.499601,992.65,1728,90,0,3.26, 
5/27/2014, 15:42:42,-17.406385,13.498468,968.29,2268,292,0,122.72, 
5/27/2014, 15:44:44,-17.406364,13.498634,987.69,1152,71,0,17.77, 
5/27/2014, 15:47:01,-17.406363,13.498713,995.36,684,283,0,8.38,1
5/27/2014, 15:48:40,-17.406286,13.498514,979.03,108,0,0,22.78,1
5/27/2014, 15:50:19,-17.406349,13.498466,965.24,396,233,0,8.66, 
5/27/2014, 15:51:58,-17.406389,13.498529,985.69,1224,59,0,8.03, 
5/27/2014, 15:53:39,-17.406368,13.498641,987.05,3276,143,0,12.11, 
5/27/2014, 15:55:03,-17.407063,13.498537,948.61,432,133,0,78.06,1
5/27/2014, 15:56:36,-17.407038,13.498725,979.53,900,46,0,20.14,1
5/27/2014, 15:58:12,-17.407007,13.499226,1022.81,684,41,0,53.27, 
5/27/2014, 16:03:26,-17.407015,13.498924,985.39,0,0,0,32.06, 
5/27/2014, 16:38:35,-17.407015,13.498924,985.39,0,0,0,0, 
5/27/2014, 16:47:30,-17.407194,13.500561,1201.47,4464,116,0,174.83, 
5/27/2014, 16:48:41,-17.406961,13.499621,1079.41,648,308,0,103.05, 
5/27/2014, 16:54:07,-17.40666,13.498767,985.45,2628,304,0,96.6, 
5/27/2014, 16:58:16,-17.406448,13.49862,980.58,144,302,0,28.27, 
5/27/2014, 16:59:04,-17.40641,13.498534,973.77,792,72,0,10.06, 
5/27/2014, 17:01:49,-17.406511,13.498799,1003.68,3636,122,0,30.28,1
5/27/2014, 17:03:03,-17.408596,13.501618,1157.13,252,89,0,378.43,1
5/27/2014, 17:04:33,-17.406404,13.498526,971.99,1116,335,0,408.7,1
5/27/2014, 17:05:17,-17.406404,13.498527,949.79,1260,19,0,0.11,1
5/27/2014, 17:05:54,-17.406387,13.498489,956.22,0,168,0,4.45, 
5/27/2014, 17:06:34,-17.406525,13.498636,983.96,1836,105,0,21.88, 
5/27/2014, 17:07:13,-17.406395,13.498492,963.37,0,232,0,21.03, 
5/27/2014, 17:07:49,-17.406431,13.498695,991.1,0,138,0,21.91, 
5/27/2014, 17:08:24,-17.406534,13.498755,1015.19,396,292,0,13.1, 
5/27/2014, 17:09:01,-17.406654,13.498736,983.56,0,347,0,13.49, 
5/27/2014, 17:09:42,-17.406414,13.498466,963.23,0,85,0,39.15, 
5/27/2014, 17:10:20,-17.406435,13.498595,958.13,0,340,0,13.89, 
5/27/2014, 17:10:55,-17.406443,13.498626,962.19,540,332,0,3.41, 
5/27/2014, 17:11:30,-17.406458,13.498646,969.52,756,149,0,2.7, 
5/27/2014, 17:12:18,-17.406429,13.498788,994.23,0,327,0,15.41, 
5/27/2014, 17:12:56,-17.406359,13.498675,989.82,612,119,0,14.29, 
5/27/2014, 17:13:34,-17.406399,13.498545,975.98,0,292,0,14.49, 
5/27/2014, 17:14:13,-17.406372,13.498536,978.72,0,313,0,3.15, 
5/27/2014, 17:14:50,-17.406347,13.498458,969.49,3132,307,0,8.73, 
5/27/2014, 17:15:25,-17.406399,13.498534,969.29,0,303,0,9.92, 
5/27/2014, 17:16:02,-17.406618,13.498794,983.83,1476,168,0,36.8, 
5/27/2014, 17:16:53,-17.406805,13.498418,963.24,684,148,0,44.99, 
5/27/2014, 17:17:48,-17.406754,13.498504,965.29,504,59,0,10.74, 
5/27/2014, 17:18:55,-17.407013,13.498575,999.09,2808,288,0,29.77, 
5/27/2014, 17:19:46,-17.406931,13.498733,985.34,1728,355,0,19.08, 
5/27/2014, 17:20:31,-17.406481,13.498459,944.54,2916,356,0,57.87, 
5/27/2014, 17:21:10,-17.406796,13.498675,974.92,0,322,0,41.86, 
5/27/2014, 17:21:49,-17.406828,13.498536,984.39,0,229,0,15.17, 
5/27/2014, 17:22:41,-17.407267,13.498878,1017.79,6948,122,0,60.82, 
5/27/2014, 17:23:34,-17.406637,13.498196,951.44,1116,22,0,100.72, 
5/27/2014, 17:24:31,-17.408134,13.499302,1111.17,1728,107,0,203.66, 
5/27/2014, 17:25:36,-17.406837,13.498288,1000.59,2376,78,0,179.93, 
5/27/2014, 17:26:27,-17.406738,13.498773,972.82,0,50,0,52.62, 
5/27/2014, 17:27:06,-17.40666,13.499155,971.82,3096,355,0,41.45,1
5/27/2014, 17:27:52,-17.406725,13.499757,1008.43,3204,69,0,64.28,1
5/27/2014, 17:28:35,-17.406578,13.500256,1007.49,3456,88,0,55.41,1
5/27/2014, 17:29:19,-17.406384,13.500724,984.86,5508,60,0,54.14,1
5/27/2014, 17:30:02,-17.406313,13.50138,971.67,5832,71,0,70.05,1
5/27/2014, 17:30:43,-17.406202,13.501999,981.13,0,31,0,66.83,1
5/27/2014, 17:31:51,-17.408966,13.503988,1500.09,9576,114,0,372.82,1
5/27/2014, 17:33:06,-17.409731,13.505412,1686.97,6300,85,0,173.39,1
5/27/2014, 17:34:22,-17.409414,13.506457,1652.41,6840,85,0,116.34,1
5/27/2014, 17:35:44,-17.408941,13.507685,1621.75,8316,4,0,140.51,1
5/27/2014, 17:37:07,-17.408329,13.508708,1614.8,6192,53,0,128.11,1
5/27/2014, 17:38:38,-17.411289,13.511492,2308.05,6372,92,0,442.25,1
5/27/2014, 17:40:14,-17.415522,13.51497,3209.2,6372,108,0,598.09,1
5/27/2014, 17:42:01,-17.415089,13.516272,3208.53,2628,68,0,146.29,1
5/27/2014, 17:43:48,-17.405952,13.514595,1474.97,3744,56,0,1031.45,1
5/27/2014, 17:45:35,-17.409201,13.518309,2127.17,5940,103,0,534.61,1
5/27/2014, 17:47:22,-17.405457,13.518732,1398.4,8496,108,0,418.73,1
5/27/2014, 17:52:42,-17.405457,13.518732,1398.4,8496,108,0,0,1
5/27/2014, 17:56:41,-17.402479,13.527368,978.77,4752,66,0,974.32,1
5/27/2014, 17:59:49,-17.402464,13.530479,947.31,3384,102,0,330.1,1
5/27/2014, 18:00:28,-17.402468,13.531298,946.58,5184,77,0,86.9,1
5/27/2014, 18:01:01,-17.402576,13.531788,949.4,4608,118,0,53.36,1
5/27/2014, 18:01:36,-17.402441,13.532406,963.07,5328,92,0,67.27,1
5/27/2014, 18:02:11,-17.402235,13.532994,956.07,2160,164,0,66.46,1
5/27/2014, 18:02:46,-17.402046,13.533834,994.92,2772,127,0,91.57,1
5/27/2014, 18:03:21,-17.40196,13.53451,967.8,4680,162,0,72.36,1
5/27/2014, 18:03:56,-17.402102,13.535174,959.36,16308,116,0,72.2,1
5/27/2014, 18:04:31,-17.402044,13.535941,970.24,4392,90,0,81.64,1
5/27/2014, 18:05:05,-17.401955,13.536641,965.16,7344,127,0,74.93,1
5/27/2014, 18:05:39,-17.402035,13.537167,962.51,8280,70,0,56.52,1
5/27/2014, 18:06:13,-17.401941,13.537928,952.36,5904,101,0,81.42,1
5/27/2014, 18:06:46,-17.401855,13.538544,957.5,5400,130,0,66.06,1
5/27/2014, 18:07:21,-17.402008,13.539104,945.14,7164,53,0,61.81,1
5/27/2014, 18:07:59,-17.402363,13.539659,967.35,6012,94,0,70.89,1
5/27/2014, 18:08:41,-17.402615,13.540083,992.68,504,136,0,53,1
5/27/2014, 18:09:16,-17.402267,13.540339,947.62,4140,153,0,47.28,1
5/27/2014, 18:09:50,-17.40259,13.540767,952.84,10152,110,0,57.9,1
5/27/2014, 18:10:25,-17.402382,13.541493,941.25,5976,127,0,80.43,1
5/27/2014, 18:10:59,-17.402657,13.542026,952.91,5508,50,0,64.29,1
5/27/2014, 18:11:33,-17.402695,13.542597,966.87,5724,83,0,60.73,1
5/27/2014, 18:12:07,-17.402548,13.5432,954.78,6300,65,0,66.04,1
5/27/2014, 18:12:42,-17.402342,13.543789,947.53,5652,93,0,66.56,1
5/27/2014, 18:13:16,-17.402487,13.544168,966.4,0,70,0,43.33,1
5/27/2014, 18:13:50,-17.402203,13.544772,972.14,5580,86,0,71.45,1
5/27/2014, 18:14:24,-17.401987,13.545429,962.19,5472,73,0,73.73,1
5/27/2014, 18:14:58,-17.402025,13.545983,966.75,4680,63,0,58.93,1
5/27/2014, 18:15:31,-17.401989,13.546529,941.82,5940,116,0,58.07,1
5/27/2014, 18:16:05,-17.402155,13.54705,961.64,8280,73,0,58.28,1
5/27/2014, 18:16:40,-17.402205,13.547557,963.79,6048,128,0,54.08,1
5/27/2014, 18:17:13,-17.402143,13.548054,973.02,4572,88,0,53.18,1
5/27/2014, 18:17:47,-17.401794,13.548732,950.93,4896,80,0,81.74,1
5/27/2014, 18:18:21,-17.401819,13.549214,953.59,9072,48,0,51.22,1
5/27/2014, 18:18:56,-17.401693,13.549694,949.49,2124,50,0,52.82,1
5/27/2014, 18:19:06,-17.401789,13.549731,950.27,6660,86,-1,11.37,1
5/27/2014, 18:19:40,-17.401852,13.55032,945.76,9324,79,0,62.89,1
5/27/2014, 18:20:15,-17.401867,13.550915,938.7,5184,143,0,63.15,1
5/27/2014, 18:20:49,-17.401941,13.551419,944.43,7992,86,0,54.11,1
5/27/2014, 18:21:24,-17.401983,13.552032,947.92,5760,130,0,65.21,1
5/27/2014, 18:21:59,-17.401794,13.552422,948.2,432,219,0,46.41,1
5/27/2014, 18:22:34,-17.401981,13.552787,953.03,5112,60,0,43.96,1
5/27/2014, 18:23:08,-17.401794,13.553277,939.03,2304,86,0,56,1
5/27/2014, 18:23:42,-17.401785,13.553763,955.39,6984,51,0,51.58,1
5/27/2014, 18:24:17,-17.401638,13.554242,947.96,6732,56,0,53.39,1
5/27/2014, 18:24:51,-17.401518,13.55471,964.93,8460,79,0,51.42,1
5/27/2014, 18:25:26,-17.401234,13.555313,946.8,7776,50,0,71.35,1
5/27/2014, 18:26:00,-17.401283,13.555756,949.15,5688,107,0,47.32,1
5/27/2014, 18:26:35,-17.401199,13.556221,963.67,7020,45,0,50.22,1
5/27/2014, 18:27:09,-17.401192,13.55654,960.62,4356,40,0,33.86,1
5/27/2014, 18:27:48,-17.400856,13.557182,946.31,6912,95,0,77.69,1
5/27/2014, 18:28:22,-17.40074,13.557666,934.5,5076,104,0,52.95,1
5/27/2014, 18:28:56,-17.400726,13.558237,940.77,6984,103,0,60.61,1
5/27/2014, 18:29:30,-17.400673,13.558631,960.36,5760,80,0,42.22,1
5/27/2014, 18:30:05,-17.400555,13.559289,930.28,3132,171,0,71.04,1
5/27/2014, 18:30:39,-17.400274,13.559763,935.88,6948,111,0,59.21,1
5/27/2014, 18:31:12,-17.400503,13.560177,965.38,4356,111,0,50.77,1
5/27/2014, 18:31:47,-17.400558,13.560614,987.42,3996,143,0,46.77,1
5/27/2014, 18:32:22,-17.400385,13.561065,963.59,4212,55,0,51.58,1
5/27/2014, 18:32:56,-17.400322,13.56162,943.62,6696,44,0,59.3,1
5/27/2014, 18:33:31,-17.400015,13.562037,909.34,3960,71,0,55.88,1
5/27/2014, 18:34:06,-17.39983,13.562462,907.23,5652,103,0,49.57,1
5/27/2014, 18:34:41,-17.399925,13.56298,950.65,4716,37,0,55.97,1
5/27/2014, 18:35:16,-17.399944,13.563136,954.62,2880,56,0,16.69,1
5/27/2014, 18:35:50,-17.400024,13.563583,949.63,5472,104,0,48.26, 
5/27/2014, 18:36:25,-17.399855,13.563853,972.55,4104,62,0,34.26,1
5/27/2014, 18:37:01,-17.399792,13.564267,968.73,0,158,0,44.48,1
5/27/2014, 18:37:38,-17.399853,13.564255,954,7848,196,0,6.9, 
5/27/2014, 18:38:12,-17.399502,13.564539,918.41,5832,46,0,49.31, 
5/27/2014, 18:38:46,-17.399454,13.564975,960.68,8748,58,0,46.57,1
5/27/2014, 18:39:21,-17.399282,13.565369,951.77,7200,69,0,45.97,1
5/27/2014, 18:39:55,-17.398869,13.565834,923.71,4536,114,0,67.4,1
5/27/2014, 18:40:29,-17.398819,13.566435,950.4,5760,47,0,64.01,1
5/27/2014, 18:41:03,-17.398575,13.566914,957.69,6264,80,0,57.61,1
5/27/2014, 18:41:37,-17.39831,13.567438,923.27,5724,72,0,62.93,1
5/27/2014, 18:42:11,-17.398249,13.567904,930.09,6804,91,0,49.91,1
5/27/2014, 18:42:45,-17.397963,13.568555,920.02,6876,76,0,76.05,1
5/27/2014, 18:43:19,-17.398033,13.569055,944.07,4536,149,0,53.62,1
5/27/2014, 18:43:53,-17.39797,13.569534,947.84,6768,67,0,51.31,1
5/27/2014, 18:44:27,-17.39773,13.569979,960.76,3276,64,0,54.24,1
5/27/2014, 18:45:02,-17.397682,13.570415,941.77,5076,63,0,46.57,1
5/27/2014, 18:45:36,-17.397556,13.570914,931.64,4248,70,0,54.77,1
5/27/2014, 18:46:16,-17.397345,13.571491,929.87,5436,78,0,65.57,1
5/27/2014, 18:46:52,-17.397289,13.571839,951.82,4572,28,0,37.45,1
5/27/2014, 18:47:26,-17.39716,13.571887,951.79,3168,149,0,15.22,1
5/27/2014, 18:48:00,-17.396912,13.57233,943.46,5544,60,0,54.5,1
5/27/2014, 18:48:34,-17.396732,13.572687,929.28,4824,92,0,42.84,1
5/27/2014, 18:49:08,-17.396637,13.573148,958.68,3600,32,0,50.04,1
5/27/2014, 18:49:42,-17.396307,13.57326,943.43,3708,27,0,38.57,1
5/27/2014, 18:50:17,-17.395891,13.573508,947.3,1800,47,0,53.22,1
5/27/2014, 18:50:52,-17.395924,13.573588,950.63,1692,203,0,9.25,1
5/27/2014, 18:51:32,-17.39592,13.573524,957.75,1116,22,0,6.81, 
5/27/2014, 18:52:07,-17.395868,13.573747,984,756,357,0,24.36, 
5/27/2014, 18:52:42,-17.396267,13.573444,960.2,252,317,0,54.79, 
5/27/2014, 18:53:19,-17.396202,13.573571,981.52,0,45,0,15.29, 
5/27/2014, 18:53:58,-17.396044,13.573469,1004.89,504,179,0,20.63, 
5/27/2014, 18:54:33,-17.396036,13.573641,966.45,1332,184,0,18.27, 
5/27/2014, 18:55:07,-17.395975,13.573662,932.75,1332,54,0,7.14, 
5/27/2014, 18:55:41,-17.395741,13.573699,933.27,1872,35,0,26.31, 
5/27/2014, 18:56:19,-17.396019,13.573593,956.26,0,0,0,32.89, 
5/27/2014, 18:56:55,-17.395967,13.573545,946.3,360,0,0,7.71, 
5/27/2014, 18:57:30,-17.396263,13.57352,982.62,1548,192,0,33.02, 
5/27/2014, 18:58:10,-17.395882,13.57358,951.78,1224,173,0,42.84, 
5/27/2014, 18:58:45,-17.395954,13.573542,972.48,108,19,0,8.96, 
5/27/2014, 18:59:26,-17.395874,13.573535,948.24,216,216,0,8.93, 
5/27/2014, 19:00:04,-17.395884,13.573533,949.45,1440,249,0,1.13, 
5/27/2014, 19:01:05,-17.395807,13.573627,933.09,0,83,0,13.15, 
5/27/2014, 19:01:39,-17.395821,13.573408,910.19,612,4,0,23.29, 
5/27/2014, 19:02:14,-17.395779,13.574003,970.66,2124,221,0,63.31, 
5/27/2014, 19:02:52,-17.395981,13.573637,949.64,0,199,0,44.86, 
5/27/2014, 19:03:26,-17.395813,13.573582,917.48,1260,260,0,19.57, 
5/27/2014, 19:04:00,-17.395918,13.573505,913.36,1116,28,0,14.25, 
5/27/2014, 19:04:34,-17.395847,13.573721,954.54,1872,172,0,24.24, 
5/27/2014, 19:05:08,-17.395929,13.573635,943.23,1080,318,0,12.9, 
5/27/2014, 19:05:42,-17.396025,13.573659,954.25,2268,183,0,10.97, 
5/27/2014, 19:06:20,-17.395861,13.573665,901.63,0,264,0,18.25, 
5/27/2014, 19:06:54,-17.395988,13.57367,952.41,504,168,0,14.13, 
5/27/2014, 19:07:30,-17.395952,13.573662,950.28,828,130,0,4.09, 
5/27/2014, 19:08:05,-17.395922,13.573596,936.88,1044,207,0,7.76, 
5/27/2014, 19:08:40,-17.395964,13.573817,983.9,1872,147,0,23.91, 
5/27/2014, 19:09:15,-17.395966,13.573611,949.5,0,0,0,21.86, 
5/27/2014, 19:09:49,-17.395939,13.573473,948.16,936,357,0,14.95, 
5/27/2014, 19:10:26,-17.396021,13.573677,944.79,0,175,0,23.49, 
5/27/2014, 19:11:02,-17.395887,13.573615,947.41,0,175,0,16.29, 
5/27/2014, 19:11:37,-17.395912,13.573654,931.3,504,45,0,4.99, 
5/27/2014, 19:12:12,-17.395922,13.573567,973.94,1800,307,0,9.3, 
5/27/2014, 19:12:47,-17.395899,13.573577,961.93,1044,348,0,2.77, 
5/27/2014, 19:13:21,-17.395922,13.573586,951.07,3564,61,0,2.73, 
5/27/2014, 19:13:56,-17.395596,13.573757,961.52,2016,69,0,40.54, 
5/27/2014, 19:14:29,-17.39538,13.574092,986.14,5076,49,0,42.9,1
5/27/2014, 19:15:04,-17.395077,13.574254,963.35,5112,62,0,37.82,1
5/27/2014, 19:15:39,-17.394651,13.574684,943.73,6012,56,0,65.77,1
5/27/2014, 19:16:13,-17.394392,13.575119,942.83,5940,69,0,54.41,1
5/27/2014, 19:16:47,-17.394188,13.575542,976.15,6300,77,0,50.29,1
5/27/2014, 19:17:21,-17.393984,13.575953,948.77,5472,63,0,49.16,1
5/27/2014, 19:17:56,-17.393894,13.576537,923.58,4536,55,0,62.77,1
5/27/2014, 19:18:31,-17.393883,13.577046,941.53,5436,80,0,54.02,1
5/27/2014, 19:19:05,-17.393606,13.57742,944.56,4104,72,0,50.24,1
5/27/2014, 19:19:46,-17.393562,13.578063,938.91,4572,75,0,68.4,1
5/27/2014, 19:20:27,-17.393347,13.578686,894.77,8172,61,0,70.3,1
5/27/2014, 19:21:09,-17.393353,13.579359,956.48,3780,69,0,71.42,1
5/27/2014, 19:21:50,-17.393078,13.579966,930.22,5904,64,0,71.3,1
5/27/2014, 19:22:31,-17.392967,13.580609,939.2,5256,90,0,69.34,1
5/27/2014, 19:23:12,-17.392817,13.581191,924.55,6660,71,0,63.97,1
5/27/2014, 19:23:53,-17.392788,13.581801,937.17,5832,77,0,64.81,1
5/27/2014, 19:24:34,-17.39263,13.582436,909.54,5364,68,0,69.63,1
5/27/2014, 19:25:14,-17.392567,13.583078,934.17,5508,82,0,68.48,1
5/27/2014, 19:25:54,-17.39242,13.583686,926.88,3348,72,0,66.55,1
5/27/2014, 19:26:34,-17.392305,13.584335,932.17,5472,64,0,70.04,1
5/27/2014, 19:27:15,-17.392254,13.585015,967.52,6552,76,0,72.38,1
5/27/2014, 19:27:57,-17.392122,13.58564,941.05,5364,85,0,67.92,1
5/27/2014, 19:28:36,-17.392014,13.586292,930.9,4860,68,0,70.22,1
5/27/2014, 19:29:16,-17.391891,13.586946,917.67,7272,74,0,70.73,1
5/27/2014, 19:29:57,-17.39185,13.587564,949.51,6156,85,0,65.74,1
5/27/2014, 19:30:35,-17.391748,13.588077,945.91,6660,78,0,55.6,1
5/27/2014, 19:31:16,-17.391607,13.588754,940.33,4824,70,0,73.53,1
5/27/2014, 19:31:56,-17.391548,13.589414,952.99,5760,86,0,70.34,1
5/27/2014, 19:32:37,-17.391415,13.590042,927.46,6516,69,0,68.26,1
5/27/2014, 19:33:18,-17.391335,13.590581,929.87,3888,72,0,57.88,1
5/27/2014, 19:34:00,-17.391233,13.591268,942.88,7380,82,0,73.78,1
5/27/2014, 19:34:41,-17.3911,13.591728,940.32,4896,80,0,51,1
5/27/2014, 19:35:22,-17.391029,13.592453,939.61,5112,86,0,77.34,1
5/27/2014, 19:36:03,-17.390884,13.592993,932.2,7560,67,0,59.53,1
5/27/2014, 19:36:43,-17.390816,13.593628,939.06,6336,70,0,67.8,1
5/27/2014, 19:37:25,-17.39065,13.594228,926.91,6588,77,0,66.29,1
5/27/2014, 19:38:05,-17.390596,13.594811,937.13,6804,74,0,62.15,1
5/27/2014, 19:38:46,-17.390539,13.595443,941.65,6048,85,0,67.36,1
5/27/2014, 19:39:27,-17.390398,13.596054,930.03,5868,83,0,66.7,1
5/27/2014, 19:40:07,-17.390305,13.596555,916.16,4428,80,0,54.16,1
5/27/2014, 19:40:48,-17.39016,13.597082,934.13,5652,64,0,58.2,1
5/27/2014, 19:41:28,-17.390087,13.59762,934.51,4176,74,0,57.66,1
5/27/2014, 19:42:08,-17.390038,13.598239,952.62,4644,75,0,65.91,1
5/27/2014, 19:42:47,-17.389944,13.598868,931.19,6912,75,0,67.56,1
5/27/2014, 19:43:27,-17.389761,13.599533,934.62,4896,87,0,73.44,1
5/27/2014, 19:44:08,-17.3899,13.600217,939.85,4176,104,0,74.21,1
5/27/2014, 19:44:50,-17.390032,13.600761,936.36,5616,103,0,59.56,1
5/27/2014, 19:45:32,-17.390112,13.601339,924.52,5544,105,0,61.97,1
5/27/2014, 19:46:12,-17.390202,13.601864,922.62,6840,97,0,56.6,1
5/27/2014, 19:46:53,-17.390173,13.602407,934.66,5076,51,0,57.71,1
5/27/2014, 19:47:32,-17.389833,13.602794,940.06,5940,58,0,55.82,1
5/27/2014, 19:48:10,-17.389502,13.603277,942.49,4608,52,0,63.1,1
5/27/2014, 19:48:50,-17.389145,13.603773,937.41,4644,60,0,65.92,1
5/27/2014, 19:49:29,-17.388809,13.604006,926.76,4464,49,0,44.8,1
5/27/2014, 19:50:10,-17.388384,13.604502,934.5,4680,44,0,70.74,1
5/27/2014, 19:50:50,-17.388054,13.604725,934.83,3240,40,0,43.66,1
5/27/2014, 19:51:27,-17.387568,13.604888,927.46,4140,15,0,56.74,1
5/27/2014, 19:52:07,-17.387091,13.60509,942.88,4104,29,0,57.21,1
5/27/2014, 19:52:47,-17.386877,13.605383,918.02,1872,61,0,39.15,1
5/27/2014, 19:53:29,-17.386709,13.605646,920.27,648,131,0,33.58,1
5/27/2014, 19:54:07,-17.386776,13.605671,931.83,612,111,0,7.91,1
5/27/2014, 19:54:45,-17.386763,13.605728,943.26,252,132,0,6.22, 
5/27/2014, 19:55:22,-17.386759,13.605672,935.54,360,42,0,5.96, 
5/27/2014, 19:56:01,-17.386709,13.605652,937.67,2880,339,0,5.95, 
5/27/2014, 19:56:39,-17.38678,13.605629,936.63,612,292,0,8.26, 
5/27/2014, 19:57:19,-17.386744,13.605577,928.65,324,311,0,6.82, 
5/27/2014, 19:58:23,-17.386784,13.605659,919.05,1008,168,0,9.77, 
5/27/2014, 19:59:15,-17.386805,13.605659,933.54,1008,133,0,2.34, 
5/27/2014, 20:01:35,-17.386818,13.605703,929.24,756,308,0,4.89, 
5/27/2014, 20:02:54,-17.386724,13.605645,929.91,1800,133,0,12.13, 
5/27/2014, 20:03:28,-17.386881,13.605629,943.96,972,112,0,17.54, 
5/27/2014, 20:04:02,-17.386667,13.605476,914.76,720,141,0,28.81, 
5/27/2014, 20:04:36,-17.386745,13.605576,945.96,792,308,0,13.71, 
5/27/2014, 20:05:10,-17.386831,13.605709,933.48,108,145,0,17.05, 
5/27/2014, 20:05:44,-17.3867,13.605605,916.92,2592,292,0,18.27, 
5/27/2014, 20:06:21,-17.386665,13.605598,917.16,0,121,0,3.96, 
5/27/2014, 20:06:58,-17.386742,13.605646,919.6,1656,0,0,9.96, 
5/27/2014, 20:07:37,-17.386717,13.605651,927.32,1368,199,0,2.83, 
5/27/2014, 20:08:15,-17.386726,13.605639,916.25,0,0,0,1.62, 
5/27/2014, 20:08:52,-17.386705,13.605614,916.48,432,147,0,3.53, 
5/27/2014, 20:09:31,-17.386776,13.605675,940.55,1224,135,0,10.21, 
5/27/2014, 20:10:06,-17.386663,13.605595,925.59,1332,131,0,15.16, 
5/27/2014, 20:10:40,-17.386681,13.605546,921.73,180,105,0,5.57, 
5/27/2014, 20:11:26,-17.386654,13.605578,921.12,612,132,0,4.53, 
5/27/2014, 20:12:09,-17.386803,13.605672,943.52,1692,106,0,19.34, 
5/27/2014, 20:12:56,-17.386614,13.605542,908.81,1368,320,0,25.14, 
5/27/2014, 20:13:44,-17.386772,13.605654,927.59,324,318,0,21.21, 
5/27/2014, 20:14:18,-17.386787,13.605614,907.82,792,152,0,4.56, 
5/27/2014, 20:14:52,-17.38674,13.605573,927.58,360,321,0,6.8, 
5/27/2014, 20:15:38,-17.386778,13.605661,935.42,288,135,0,10.25, 
5/27/2014, 20:16:32,-17.386742,13.605657,936.58,324,173,0,4.03, 
5/27/2014, 20:17:06,-17.386755,13.605655,931.73,0,0,0,1.46, 
5/27/2014, 20:17:39,-17.386749,13.605636,936.61,0,0,0,2.12, 
5/27/2014, 20:18:12,-17.386766,13.605653,928.12,0,0,0,2.61, 
5/27/2014, 20:18:45,-17.386765,13.60566,930.42,0,0,0,0.75, 
5/27/2014, 20:19:18,-17.386757,13.605638,928.19,0,0,0,2.5, 
5/27/2014, 20:20:21,-17.386765,13.605642,930.44,0,0,0,0.99, 
5/27/2014, 20:20:54,-17.386814,13.605664,915.65,0,0,0,5.93, 
5/27/2014, 20:21:28,-17.386726,13.605664,938.72,288,31,0,9.79, 
5/27/2014, 20:22:02,-17.386747,13.605679,931.16,0,0,0,2.83, 
5/27/2014, 20:22:36,-17.386749,13.605647,935.25,0,65,0,3.4, 
5/27/2014, 20:23:09,-17.386745,13.60564,931.87,0,0,0,0.87, 
5/27/2014, 20:23:42,-17.386742,13.60568,927.42,0,0,0,4.26, 
5/27/2014, 20:24:15,-17.386736,13.605635,932.08,0,0,0,4.82, 
5/27/2014, 20:24:49,-17.386747,13.605659,932.62,0,0,0,2.83, 
5/27/2014, 20:25:23,-17.38674,13.605649,935.66,432,168,0,1.32, 
5/27/2014, 20:25:56,-17.386715,13.605633,943.46,0,0,0,3.26, 
5/27/2014, 20:26:30,-17.386738,13.605684,939.73,360,154,0,5.99, 
5/27/2014, 20:27:04,-17.386757,13.605639,932.71,0,0,0,5.22, 
5/27/2014, 20:27:38,-17.386791,13.605655,935.84,0,93,0,4.14, 
5/27/2014, 20:28:11,-17.386751,13.605619,937.89,0,0,0,5.86, 
5/27/2014, 20:28:44,-17.386747,13.605602,933.59,0,0,0,1.86, 
5/27/2014, 20:29:18,-17.386793,13.605646,933.67,0,42,0,6.93, 
5/27/2014, 20:29:51,-17.386763,13.605616,934.28,0,0,0,4.61, 
5/27/2014, 20:30:24,-17.386791,13.605638,923.75,0,0,0,3.89, 
5/27/2014, 20:30:57,-17.386782,13.605644,930.21,0,0,0,1.19, 
5/27/2014, 20:31:30,-17.386759,13.605619,937.87,0,0,0,3.68, 
5/27/2014, 20:32:06,-17.386698,13.605695,940.18,324,146,0,10.54, 
5/27/2014, 20:32:39,-17.386744,13.605686,936.29,0,0,0,5.2, 
5/27/2014, 20:33:12,-17.386768,13.605701,932.28,252,235,0,3.11, 
5/27/2014, 20:33:45,-17.386784,13.605629,936.67,0,0,0,7.84, 
5/27/2014, 20:34:18,-17.386791,13.605631,926.59,0,0,0,0.81, 
5/27/2014, 20:34:51,-17.386776,13.605639,931.69,0,0,0,1.87, 
5/27/2014, 20:35:24,-17.386765,13.605641,935.2,0,0,0,1.24, 
5/27/2014, 20:35:57,-17.386826,13.605635,921.91,0,0,0,6.81, 
5/27/2014, 20:36:30,-17.386787,13.605617,931.62,0,0,0,4.74, 
5/27/2014, 20:37:03,-17.386761,13.605624,930.4,0,0,0,2.98, 
5/27/2014, 20:37:36,-17.386793,13.605591,927.85,0,0,0,4.99, 
5/27/2014, 20:38:10,-17.386826,13.605618,918.18,0,0,0,4.66, 
5/27/2014, 20:38:44,-17.386789,13.605608,927.67,0,0,0,4.25, 
5/27/2014, 20:39:17,-17.386778,13.605621,934.57,0,0,0,1.84, 
5/27/2014, 20:39:51,-17.386753,13.605742,933.04,0,93,0,13.14, 
5/27/2014, 20:40:25,-17.386976,13.605846,938.27,0,148,0,27.14, 
5/27/2014, 20:40:58,-17.387068,13.605982,943.64,0,0,0,17.69, 
5/27/2014, 20:41:32,-17.38719,13.606048,941.93,3780,142,0,15.27,1
5/27/2014, 20:42:06,-17.38744,13.606287,937.02,0,142,0,37.63,1
5/27/2014, 20:42:40,-17.387756,13.606412,928.82,0,137,0,37.56, 
5/27/2014, 20:43:13,-17.388037,13.606563,936.19,0,139,0,35.11, 
5/27/2014, 20:43:46,-17.388433,13.606573,931.16,0,181,0,44.05, 
5/27/2014, 20:44:19,-17.388817,13.606605,940.37,4500,166,0,42.83,1
5/27/2014, 20:44:53,-17.389256,13.606673,933.06,0,157,0,49.34,1
5/27/2014, 20:45:26,-17.38961,13.60679,940.87,0,161,0,41.27, 
5/27/2014, 20:46:00,-17.389963,13.606818,943.16,0,145,0,39.36, 
5/27/2014, 20:46:33,-17.390419,13.606885,925.71,0,165,0,51.2, 
5/27/2014, 20:47:06,-17.390768,13.607009,930.09,0,167,0,40.98, 
5/27/2014, 20:47:40,-17.39102,13.607209,926.96,0,88,0,35.15, 
5/27/2014, 20:48:14,-17.391207,13.607505,932.57,5508,160,0,37.67,1
5/27/2014, 20:48:47,-17.39151,13.607536,921.14,0,199,0,33.85,1
5/27/2014, 20:49:21,-17.391872,13.607629,930.92,0,156,0,41.44, 
5/27/2014, 20:49:54,-17.39208,13.607615,928.04,0,200,0,23.18, 
5/27/2014, 20:50:28,-17.392439,13.607796,928.81,4968,136,0,44.3,1
5/27/2014, 20:51:02,-17.392542,13.607875,930.08,0,0,0,14.19,1
5/27/2014, 20:51:36,-17.392519,13.60786,933.68,0,0,0,3.01, 
5/27/2014, 20:52:09,-17.392672,13.607807,929.16,0,0,0,17.92, 
5/27/2014, 20:52:42,-17.39296,13.607756,929.95,4464,195,0,32.48, 
5/27/2014, 20:53:16,-17.393318,13.607705,927.75,4716,211,0,40.17,1
5/27/2014, 20:53:49,-17.393661,13.607541,931.62,0,214,0,41.92,1
5/27/2014, 20:54:22,-17.394049,13.607355,929.76,0,191,0,47.44, 
5/27/2014, 20:54:55,-17.394455,13.607208,926.1,0,192,0,47.76, 
5/27/2014, 20:55:29,-17.39472,13.607057,930.18,0,216,0,33.54, 
5/27/2014, 20:56:03,-17.394938,13.606864,936.08,0,261,0,31.73, 
5/27/2014, 20:56:37,-17.394995,13.606669,931.62,0,0,0,21.64, 
5/27/2014, 20:57:11,-17.394901,13.606676,943.8,0,163,0,10.48, 
5/27/2014, 20:57:46,-17.394875,13.606517,912.91,0,87,0,17.12, 
5/27/2014, 20:58:19,-17.394924,13.606699,929.82,0,0,0,20.07, 
5/27/2014, 20:58:52,-17.394976,13.606665,946.86,0,0,0,6.82, 
5/27/2014, 20:59:25,-17.394905,13.60662,942.61,1116,44,0,9.23, 
5/27/2014, 20:59:59,-17.394884,13.606687,934.2,0,0,0,7.48, 
5/27/2014, 21:00:32,-17.39489,13.606668,934.51,0,0,0,2.12, 
5/27/2014, 21:01:05,-17.394958,13.606688,930.11,2052,93,0,7.85,1
5/27/2014, 21:01:38,-17.394978,13.606688,940.57,0,0,0,2.22,1
5/27/2014, 21:02:12,-17.394995,13.606666,939.89,0,0,0,3, 
5/27/2014, 21:02:46,-17.394991,13.606705,939.11,0,0,0,4.16, 
5/27/2014, 21:03:42,-17.394979,13.606666,929.43,0,0,0,4.35, 
5/27/2014, 21:04:16,-17.394991,13.606691,933.12,0,0,0,2.97, 
5/27/2014, 21:04:50,-17.394997,13.606661,935.43,0,0,0,3.25, 
5/27/2014, 21:05:30,-17.395008,13.606662,936.55,0,0,0,1.23, 
5/27/2014, 21:12:06,-17.395014,13.60666,942.55,0,166,0,0.7, 
5/27/2014, 21:12:40,-17.394981,13.606591,925.05,0,149,0,8.19, 
5/27/2014, 21:13:14,-17.395006,13.606614,931.84,0,186,-4,3.7,1
5/28/2014, 05:22:34,-17.394934,13.606655,934.97,324,156,-2,0,1
5/28/2014, 07:34:11,-17.394934,13.606655,934.97,288,286,0,0, 
5/28/2014, 07:38:46,-17.394976,13.606656,941.62,648,315,0,4.67,1
5/28/2014, 07:39:22,-17.394909,13.606653,931.73,1116,274,0,7.46,1
5/28/2014, 07:39:56,-17.394905,13.606654,928.11,540,75,0,0.46,1
5/28/2014, 07:40:29,-17.394955,13.606731,946.97,432,201,0,9.88,1
5/28/2014, 07:41:03,-17.39496,13.606639,943.33,612,0,0,9.78,1
5/28/2014, 07:41:39,-17.394947,13.606673,945.04,396,340,0,3.89,1
5/28/2014, 07:42:13,-17.394974,13.606647,944.55,144,181,0,4.08,1
5/28/2014, 07:42:46,-17.395,13.606726,955.35,324,0,0,8.87,1
5/28/2014, 07:43:18,-17.394964,13.606649,939.11,1116,117,-1,9.1,1
5/28/2014, 07:43:54,-17.394945,13.606692,953.86,0,13,0,5.03,1
5/28/2014, 07:44:31,-17.395021,13.606598,963.36,0,187,0,13.07,1
5/28/2014, 07:45:21,-17.394949,13.606775,935.68,216,230,0,20.42,1
5/28/2014, 07:45:55,-17.394886,13.606802,906.37,1260,186,0,7.57,1
5/28/2014, 07:46:28,-17.394875,13.606712,935.32,756,123,0,9.63,1
5/28/2014, 07:47:03,-17.394886,13.606606,942.75,3996,8,0,11.31,1
5/28/2014, 07:47:35,-17.394609,13.606465,932.85,3564,304,0,34.24,1
5/28/2014, 07:48:12,-17.394445,13.606351,903.91,360,193,0,21.88,1
5/28/2014, 07:48:46,-17.394285,13.606272,937.86,4536,321,0,19.67,1
5/28/2014, 07:49:19,-17.39399,13.60595,920.86,3348,293,0,47.36,1
5/28/2014, 07:49:53,-17.393909,13.605848,929.2,3492,332,0,14.08,1
5/28/2014, 07:50:29,-17.393452,13.605711,922.63,6912,289,0,52.85,1
5/28/2014, 07:51:03,-17.393147,13.605534,930.61,3708,302,0,38.77,1
5/28/2014, 07:51:37,-17.39291,13.605421,939.57,6012,0,0,28.95,1
5/28/2014, 07:52:10,-17.392523,13.605303,927.37,4140,344,0,44.82,1
5/28/2014, 07:52:44,-17.392115,13.605268,926.14,4176,337,0,45.52,1
5/28/2014, 07:53:17,-17.391722,13.605232,936.48,5292,351,0,43.87,1
5/28/2014, 07:53:51,-17.391277,13.605139,931.46,4572,3,0,50.46,1
5/28/2014, 07:54:27,-17.390835,13.605122,940.07,5832,350,0,49.18,1
5/28/2014, 07:55:01,-17.390419,13.605193,933.82,4500,6,0,46.87,1
5/28/2014, 07:55:35,-17.390007,13.605179,938.26,4284,356,0,45.84,1
5/28/2014, 07:56:09,-17.389544,13.605132,941.39,5472,328,0,51.72,1
5/28/2014, 07:56:42,-17.389118,13.60499,938.48,5544,322,0,49.71,1
5/28/2014, 07:57:17,-17.388668,13.604787,920.53,4752,324,0,54.48,1
5/28/2014, 07:57:51,-17.388288,13.604658,943.45,5004,5,0,44.42,1
5/28/2014, 07:58:24,-17.387861,13.604819,924.09,6156,344,0,50.46,1
5/28/2014, 07:58:57,-17.387365,13.604874,921.77,6264,14,0,55.46,1
5/28/2014, 07:59:30,-17.387043,13.605136,931.28,0,59,0,45.33,1
5/28/2014, 08:02:03,-17.38694,13.6058,945.64,648,219,0,71.38,1
5/28/2014, 08:03:13,-17.386692,13.60548,919.74,0,121,0,43.74,1
5/28/2014, 08:03:49,-17.386829,13.605624,938.08,792,2,0,21.58,1
5/28/2014, 08:04:24,-17.387032,13.606014,958.9,0,184,0,47.14,1
5/28/2014, 08:05:02,-17.38623,13.605174,884.23,900,135,0,126.09,1
5/28/2014, 08:05:56,-17.386623,13.605444,908.61,1764,322,0,52.25,1
5/28/2014, 08:06:59,-17.386202,13.604944,842.39,2124,148,0,70.76,1
5/28/2014, 08:07:48,-17.386478,13.605292,884.62,864,148,0,48.02,1
5/28/2014, 08:08:45,-17.386562,13.605402,896.92,2124,108,0,14.95,1
5/28/2014, 08:09:46,-17.386591,13.605467,908.92,1620,188,0,7.61,1
5/28/2014, 08:10:53,-17.386333,13.605246,871.56,684,119,0,37.05,1
5/28/2014, 08:12:17,-17.387192,13.606185,995.56,2952,132,0,138.03,1
5/28/2014, 08:13:29,-17.386387,13.605363,880.55,1368,350,0,124.98,1
5/28/2014, 08:14:42,-17.386814,13.605718,933.09,2952,138,0,60.61,1
5/28/2014, 08:15:55,-17.386616,13.60552,902.69,2556,135,0,30.43,1
5/28/2014, 08:17:10,-17.387094,13.605942,971.88,1116,49,0,69.5,1
5/28/2014, 08:18:27,-17.387672,13.606516,1053.63,936,163,0,88.55,1
5/28/2014, 08:19:54,-17.386709,13.605659,927.23,0,267,0,140.49,1
5/28/2014, 08:20:53,-17.386713,13.605675,931.1,0,0,0,1.76,1
5/28/2014, 08:21:27,-17.386753,13.605674,924.58,1044,321,0,4.45,1
5/28/2014, 08:22:01,-17.386654,13.60574,931.66,1404,152,0,13.05,1
5/28/2014, 08:22:50,-17.386757,13.605683,954.9,432,114,0,12.95,1
5/28/2014, 08:23:25,-17.386726,13.605654,935.96,360,201,0,4.62,1
5/28/2014, 08:23:59,-17.386734,13.605652,935.12,972,219,0,0.91,1
5/28/2014, 08:24:34,-17.386797,13.605688,942.74,3312,338,0,7.98,1
5/28/2014, 08:25:08,-17.386988,13.605651,938.27,1008,17,0,21.6,1
5/28/2014, 08:25:41,-17.38693,13.605731,952.74,468,166,0,10.66,1
5/28/2014, 08:26:17,-17.386999,13.605772,953.78,0,191,-1,8.82,1
5/28/2014, 08:26:31,-17.386938,13.605661,928.97,2520,54,-1,13.59,1
5/28/2014, 08:26:48,-17.387049,13.605676,926.12,5328,194,-1,12.44,1
5/28/2014, 08:27:22,-17.386946,13.60569,928.34,576,178,-4,11.55,1
5/28/2014, 18:22:41,-17.386711,13.605732,941.12,108,145,-2,0,1
5/28/2014, 18:23:51,-17.386776,13.605682,945.92,720,24,0,8.97,1
5/28/2014, 18:24:31,-17.386812,13.605679,941.28,1296,139,0,4.02, 
5/28/2014, 18:25:12,-17.386768,13.605685,942.52,288,212,0,4.93, 
5/28/2014, 18:25:52,-17.386757,13.605711,938.98,1224,212,0,3.02, 
5/28/2014, 18:26:34,-17.386824,13.605676,938.54,252,194,0,8.32, 
5/28/2014, 18:27:16,-17.386744,13.605711,943.73,1836,201,0,9.64, 
5/28/2014, 18:28:01,-17.386795,13.605656,936.68,576,117,0,8.14, 
5/28/2014, 18:28:49,-17.38669,13.605683,943.35,1980,18,0,12.02, 
5/28/2014, 18:29:30,-17.386726,13.605691,936.62,504,199,0,4.09, 
5/28/2014, 18:30:11,-17.386797,13.605667,942.53,2304,292,0,8.3, 
5/28/2014, 18:30:51,-17.386795,13.605663,937.89,792,2,0,0.48, 
5/28/2014, 18:31:48,-17.386763,13.605652,935.7,972,20,0,3.74, 
5/28/2014, 18:32:27,-17.386728,13.605688,944.85,72,320,0,5.45, 
5/28/2014, 18:33:06,-17.386786,13.605654,945.6,108,4,0,7.39, 
5/28/2014, 18:33:44,-17.386801,13.605659,953.58,504,344,0,1.75, 
5/28/2014, 18:34:24,-17.386814,13.605638,948.17,1368,215,0,2.66, 
5/28/2014, 18:35:04,-17.386816,13.605599,957.08,828,350,0,4.14, 
5/28/2014, 18:36:04,-17.38693,13.605651,967.85,360,175,0,13.83, 
5/28/2014, 18:36:39,-17.386826,13.605634,941.93,396,8,0,11.7, 
5/28/2014, 18:37:13,-17.386728,13.605659,954.41,360,40,0,11.22, 
5/28/2014, 18:37:47,-17.386652,13.605706,955.3,504,1,0,9.81, 
5/28/2014, 18:38:24,-17.386925,13.605618,955.63,0,96,0,31.76, 
5/28/2014, 18:39:17,-17.386675,13.605681,929.64,0,61,0,28.59, 
5/28/2014, 18:39:51,-17.386883,13.605679,955.07,900,23,0,23.13, 
5/28/2014, 18:40:25,-17.386791,13.605663,942.55,684,255,0,10.37, 
5/28/2014, 18:40:59,-17.386795,13.605678,932.83,1260,269,0,1.65, 
5/28/2014, 18:41:38,-17.386782,13.605803,943.13,1620,288,0,13.34, 
5/28/2014, 18:42:17,-17.386778,13.605783,940.32,0,211,0,2.17, 
5/28/2014, 18:42:52,-17.386864,13.605499,919.81,6516,110,0,31.62, 
5/28/2014, 18:43:29,-17.386835,13.605856,963.03,972,132,0,38.02, 
5/28/2014, 18:44:05,-17.387087,13.605763,991.74,1476,313,0,29.71, 
5/28/2014, 18:44:43,-17.387003,13.605638,969.35,0,232,0,16.22, 
5/28/2014, 18:45:17,-17.386795,13.605674,906.85,1116,258,0,23.44, 
5/28/2014, 18:45:51,-17.386845,13.605671,942.56,1404,131,0,5.57, 
5/28/2014, 18:46:35,-17.38678,13.605671,921.02,1476,203,0,7.23, 
5/28/2014, 18:47:11,-17.386719,13.605656,909.47,0,42,0,6.97, 
5/28/2014, 18:47:50,-17.386766,13.605563,902.04,1440,30,0,11.17, 
5/28/2014, 18:48:24,-17.386936,13.605639,962.8,1476,29,0,20.55, 
5/28/2014, 18:48:58,-17.38677,13.605732,943.68,1368,38,0,20.93, 
5/28/2014, 18:49:37,-17.386784,13.605681,941.5,612,276,0,5.63, 
5/28/2014, 18:50:12,-17.386745,13.605669,954.18,1512,276,0,4.52, 
5/28/2014, 18:50:47,-17.386841,13.605708,948.36,1188,32,0,11.45, 
5/28/2014, 18:51:22,-17.386713,13.605916,954.15,5472,12,0,26.26, 
5/28/2014, 18:51:56,-17.386875,13.60564,917.51,2412,230,0,34.38, 
5/28/2014, 18:52:31,-17.386866,13.605728,947.36,3132,117,0,9.39, 
5/28/2014, 18:53:05,-17.386818,13.605722,916.25,1512,329,0,5.38, 
5/28/2014, 18:53:39,-17.386753,13.605763,943.61,1620,76,0,8.44, 
5/28/2014, 18:54:13,-17.386827,13.605725,904.61,1008,26,0,9.16, 
5/28/2014, 18:54:47,-17.386902,13.605629,926.87,540,209,0,13.17, 
5/28/2014, 18:55:21,-17.386881,13.60565,945.86,756,209,0,3.23, 
5/28/2014, 18:55:57,-17.386768,13.605759,946.31,792,194,0,17.08, 
5/28/2014, 18:56:31,-17.38656,13.605745,922.85,900,19,0,23.18, 
5/28/2014, 18:57:06,-17.386875,13.605683,943.85,0,203,0,35.64, 
5/28/2014, 18:57:40,-17.386862,13.605693,945.1,612,34,0,1.79, 
5/28/2014, 18:58:15,-17.386879,13.605692,944.57,216,183,0,1.89, 
5/28/2014, 18:58:49,-17.386997,13.605623,935.62,2592,100,0,15.03, 
5/28/2014, 18:59:25,-17.386887,13.605629,933.37,540,98,0,12.25, 
5/28/2014, 19:00:00,-17.386789,13.605632,938.82,252,76,0,10.9, 
5/28/2014, 19:00:34,-17.386896,13.605596,932.46,1728,246,0,12.5, 
5/28/2014, 19:01:08,-17.386816,13.605655,933.69,396,306,0,10.88, 
5/28/2014, 19:01:42,-17.386829,13.605642,935.24,432,116,0,2, 
5/28/2014, 19:02:16,-17.386875,13.605676,935.31,324,321,0,6.26, 
5/28/2014, 19:02:50,-17.38674,13.605642,922.65,936,219,0,15.44, 
5/28/2014, 19:03:24,-17.386889,13.605582,926.39,792,5,0,17.75, 
5/28/2014, 19:04:38,-17.386595,13.605667,901.03,3996,325,0,33.91, 
5/28/2014, 19:05:12,-17.386791,13.605692,937.76,1008,235,0,21.96, 
5/28/2014, 19:05:46,-17.386831,13.605657,940.14,0,0,0,5.79, 
5/28/2014, 19:06:20,-17.386814,13.60572,922.2,216,120,0,6.95, 
5/28/2014, 19:06:54,-17.386959,13.605673,944,0,0,0,16.88, 
5/28/2014, 19:07:28,-17.386856,13.605692,926.99,0,177,0,11.63, 
5/28/2014, 19:08:02,-17.387005,13.605477,934.19,2304,216,0,28.2,1
5/28/2014, 19:08:19,-17.387306,13.605116,928.59,9720,234,-1,50.87,1
5/28/2014, 19:08:25,-17.387453,13.604998,930.24,9936,216,-1,20.59,1
5/28/2014, 19:08:35,-17.387669,13.604879,926.63,12060,202,-1,27.14,1
5/28/2014, 19:09:09,-17.388231,13.604679,934.51,0,202,0,66,1
5/28/2014, 19:09:43,-17.388678,13.604771,935.7,8928,141,0,50.65,1
5/28/2014, 19:10:17,-17.389538,13.605061,935.01,10476,152,0,100.46,1
5/28/2014, 19:10:51,-17.390085,13.60527,922.35,4716,133,0,64.74,1
5/28/2014, 19:11:25,-17.390324,13.605577,925.62,10692,133,0,42.04,1
5/28/2014, 19:11:59,-17.390795,13.606416,932.62,10980,111,0,103.29,1
5/28/2014, 19:12:33,-17.391108,13.607392,931.8,4356,121,0,109.26,1
5/28/2014, 19:13:07,-17.391205,13.60747,925.16,828,108,0,13.6,1
5/28/2014, 19:13:47,-17.39123,13.607487,910.04,1116,312,0,3.31, 
5/28/2014, 19:14:25,-17.391333,13.60758,935.95,0,30,0,15.12, 
5/28/2014, 19:15:02,-17.391317,13.607524,950.47,324,222,0,6.2, 
5/28/2014, 19:15:36,-17.391153,13.607589,927.96,1692,349,0,19.5, 
5/28/2014, 19:16:14,-17.391209,13.607521,894.72,540,66,0,9.53, 
5/28/2014, 19:16:53,-17.391205,13.607528,909.05,648,317,0,0.87, 
5/28/2014, 19:17:33,-17.391376,13.607517,921.72,2664,212,0,19.05,1
5/28/2014, 19:18:12,-17.391598,13.607306,924.23,2232,244,0,33.33,1
5/28/2014, 19:18:49,-17.391539,13.607115,918.16,1224,54,0,21.3,1
5/28/2014, 19:19:42,-17.391733,13.60705,943.37,0,162,0,22.65, 
5/28/2014, 19:20:26,-17.391588,13.607185,927.23,3708,150,0,21.57, 
5/28/2014, 19:21:05,-17.391607,13.607215,925.56,1404,350,0,3.82, 
5/28/2014, 19:21:43,-17.391569,13.60722,917.58,360,174,0,4.26, 
5/28/2014, 19:22:23,-17.391558,13.607344,920.89,612,82,0,13.21,1
5/28/2014, 19:23:02,-17.391979,13.607192,921.53,2052,199,0,49.51,1
5/28/2014, 19:23:40,-17.39226,13.607179,922.67,2232,143,0,31.28,1
5/28/2014, 19:24:18,-17.392427,13.607184,909.69,2520,66,0,18.58,1
5/28/2014, 19:24:59,-17.392477,13.607152,910.32,72,268,0,6.51, 
5/28/2014, 19:25:37,-17.392559,13.607204,943.29,1296,18,0,10.66, 
5/28/2014, 19:26:14,-17.392462,13.607162,917.08,108,32,0,11.67, 
5/28/2014, 19:26:52,-17.392477,13.607194,923.46,72,27,0,3.78, 
5/28/2014, 19:27:30,-17.392609,13.60724,925.89,3528,175,0,15.47,1
5/28/2014, 19:28:09,-17.392992,13.607203,924.68,3132,169,0,42.77,1
5/28/2014, 19:28:46,-17.393274,13.607238,920.47,1692,180,0,31.58,1
5/28/2014, 19:29:25,-17.393597,13.607302,919.77,2088,140,0,36.55,1
5/28/2014, 19:30:07,-17.393717,13.607368,929.48,1224,3,0,15.07,1
5/28/2014, 19:30:44,-17.393814,13.607327,924.15,3960,167,0,11.63, 
5/28/2014, 19:31:21,-17.394121,13.607295,928.85,4140,203,0,34.31,1
5/28/2014, 19:32:00,-17.394474,13.607171,932.43,3204,204,0,41.4,1
5/28/2014, 19:32:36,-17.39473,13.607015,927.28,4284,227,0,32.93,1
5/28/2014, 19:33:14,-17.394827,13.606787,929.5,288,333,0,26.49,1
5/28/2014, 19:33:52,-17.394892,13.606753,946.28,432,176,0,8.08,1
5/28/2014, 19:34:31,-17.394846,13.606891,923.89,360,79,0,15.51, 
5/28/2014, 19:35:11,-17.394846,13.606976,916.23,972,128,0,9.02, 
5/28/2014, 19:35:53,-17.394886,13.607007,891.16,540,79,0,5.53, 
5/28/2014, 19:36:48,-17.394791,13.606834,935.69,540,330,0,21.18, 
5/28/2014, 19:37:29,-17.394844,13.606867,918.07,720,289,0,6.86, 
5/28/2014, 19:38:34,-17.394855,13.606852,954.13,360,133,0,2.01, 
5/28/2014, 19:39:12,-17.39492,13.606764,932.12,504,76,0,11.81, 
5/28/2014, 19:39:47,-17.39488,13.606772,929.87,684,265,0,4.53, 
5/28/2014, 19:40:22,-17.394882,13.60684,940.54,216,239,0,7.22, 
5/28/2014, 19:40:57,-17.394905,13.606796,929.43,0,248,0,5.32, 
5/28/2014, 19:41:31,-17.394922,13.606813,936.3,0,157,0,2.61, 
5/28/2014, 19:42:05,-17.39489,13.606806,944.23,0,241,0,3.63, 
5/28/2014, 19:43:43,-17.394846,13.606916,930.48,0,294,0,12.66, 
5/28/2014, 19:44:18,-17.394894,13.606859,931.13,2700,140,0,8.07, 
5/28/2014, 19:44:53,-17.394863,13.606856,949.32,1908,338,0,3.46, 
5/28/2014, 19:45:28,-17.394852,13.606873,940.13,1620,63,0,2.18, 
5/28/2014, 19:46:05,-17.39488,13.606782,936.44,972,15,0,10.15, 
5/28/2014, 19:46:40,-17.394884,13.606801,930.61,720,133,0,2.06, 
5/28/2014, 19:47:14,-17.39484,13.606828,927.76,0,344,0,5.67, 
5/28/2014, 19:48:02,-17.394869,13.60679,943.81,72,290,0,5.16, 
5/28/2014, 19:54:47,-17.394775,13.606667,964.81,360,97,0,16.72, 
5/28/2014, 19:55:37,-17.394892,13.606791,926.99,792,186,0,18.5, 
5/28/2014, 19:56:13,-17.39488,13.606898,935.93,2412,204,0,11.43, 
5/28/2014, 19:56:27,-17.394957,13.606834,923.03,0,150,-1,10.93, 
5/28/2014, 19:57:01,-17.395241,13.606897,946.05,3384,72,-4,32.28,1
